sZip,sState,ShipDate,Consolidated_data,Weight,Charge,# Shipments
N8W0A7,ON,5/3/2024,PQG2B0S6,976,"$3,631.65 ",11
41048,KY,9/30/2024,IN46738,4320,"$1,075.01 ",9
41048,KY,12/5/2024,TN37013,6336,"$2,640.10 ",7
41048,KY,12/4/2024,TN37013,6081,"$2,647.47 ",7
N8W0A7,ON,3/28/2024,ONL3S3J1,1380,"$1,238.65 ",6
53142,WI,9/10/2024,TX78521,2316,"$1,505.98 ",6
N8W0A7,ON,9/3/2024,ONL3R9X4,5915,"$1,845.97 ",6
53142,WI,8/6/2024,TX78521,4391,"$2,337.46 ",6
41048,KY,9/30/2024,NY13760,2329,"$2,369.71 ",6
41048,KY,12/12/2024,TN37013,10634,"$3,479.28 ",6
78501,TX,10/30/2024,TX78521,13259,"$1,034.70 ",6
N8W0A7,ON,4/1/2024,ONL3S3J1,2289,"$1,042.03 ",5
78501,TX,11/7/2024,TX78521,8127,$763.08 ,5
53142,WI,9/14/2024,TX78521,3089,"$1,676.22 ",5
53142,WI,8/5/2024,TX78521,3938,"$2,086.35 ",5
53142,WI,6/10/2024,TX78521,2444,"$1,867.12 ",5
53142,WI,8/23/2024,TX78521,3693,"$1,995.42 ",5
53142,WI,11/5/2024,TX78521,2379,"$1,424.15 ",5
N8W0A7,ON,9/16/2024,ONL3R9X4,2877,"$1,141.23 ",5
N8W0A7,ON,3/19/2024,PQG2B0S6,759,"$2,119.58 ",5
N8W0A7,ON,4/24/2024,ONL6S6H2,1663,"$1,033.31 ",5
53142,WI,10/16/2024,FL33025,4517,"$2,985.83 ",5
41048,KY,12/2/2024,IN46738,1253,$514.00 ,5
53142,WI,6/21/2024,FL33025,2192,"$2,389.36 ",5
41048,KY,9/13/2024,NC27215,8250,"$1,597.04 ",5
41048,KY,9/24/2024,TN37013,8757,"$1,210.62 ",5
41048,KY,12/3/2024,NV89030,5335,"$4,379.56 ",5
41048,KY,6/21/2024,NV89030,2893,"$3,652.68 ",5
41048,KY,11/25/2024,TN37013,3092,"$1,689.15 ",5
53142,WI,9/9/2024,TX78521,2116,"$1,193.76 ",4
53142,WI,10/2/2024,TX78521,1902,"$1,164.86 ",4
78501,TX,12/9/2024,TX78521,2871,$450.04 ,4
N8W0A7,ON,3/18/2024,PQG2B0S6,661,"$1,013.97 ",4
N8W0A7,ON,5/23/2024,ONL3S3J1,657,$753.64 ,4
N8W0A7,ON,9/11/2024,ONL3S3J1,385,$576.20 ,4
N8W0A7,ON,6/24/2024,ONL3S3J1,1762,$819.47 ,4
N8W0A7,ON,7/9/2024,ONL3S3J1,1202,$771.22 ,4
53142,WI,9/5/2024,TX78521,1958,"$1,102.10 ",4
41048,KY,8/27/2024,GA30144,1097,$746.89 ,4
41048,KY,7/24/2024,WI53142,4650,"$1,048.27 ",4
41048,KY,8/26/2024,GA30144,940,$715.54 ,4
41048,KY,2/16/2024,IN46818,3129,$527.79 ,4
41048,KY,12/5/2024,IN46738,1476,$449.78 ,4
41048,KY,10/7/2024,KY41048,2079,$359.80 ,4
53142,WI,9/9/2024,FL33025,3323,"$2,452.90 ",4
41048,KY,4/19/2024,IL60133,3309,$904.74 ,4
41048,KY,5/6/2024,IL60133,2354,$859.28 ,4
41048,KY,8/23/2024,IN46738,916,$417.60 ,4
41048,KY,8/19/2024,IN46738,859,$417.60 ,4
41048,KY,7/18/2024,IN46738,7731,"$1,038.73 ",4
41048,KY,2/22/2024,IL60133,1225,$477.72 ,4
41048,KY,9/30/2024,NC27410,6581,"$1,299.11 ",4
41048,KY,9/19/2024,IN46738,2806,$541.74 ,4
41048,KY,8/28/2024,GA30144,947,$710.90 ,4
53142,WI,9/24/2024,FL33025,2404,"$1,919.41 ",4
53142,WI,3/1/2024,KY41048,2483,$673.99 ,4
41048,KY,7/24/2024,CA92503,655,"$1,478.37 ",4
41048,KY,8/14/2024,AZ85338,710,"$1,091.80 ",4
41048,KY,2/20/2024,AZ85338,2666,"$1,659.00 ",4
53142,WI,12/6/2024,TX78521,2673,"$1,460.79 ",4
41048,KY,9/10/2024,NV89030,11655,"$3,636.41 ",4
41048,KY,3/4/2024,NV89030,1980,"$1,705.55 ",4
41048,KY,11/1/2024,TN37013,4531,"$1,538.91 ",4
41048,KY,10/24/2024,TN37013,4285,"$1,197.13 ",4
41048,KY,10/16/2024,NV89030,1225,"$2,337.48 ",4
41048,KY,11/21/2024,NV89119,6999,"$2,469.58 ",4
41048,KY,6/11/2024,TX77340,480,$519.56 ,4
41048,KY,1/25/2024,NV89030,2522,"$4,618.01 ",4
41048,KY,6/12/2024,TX77563,320,$519.56 ,4
53142,WI,4/11/2024,TX78521,3816,"$2,607.27 ",4
78501,TX,12/12/2024,TX78521,2431,$447.80 ,4
78501,TX,11/26/2024,TX78521,10607,$736.35 ,4
N8W0A7,ON,3/26/2024,ONL3S3J1,706,$643.07 ,4
53142,WI,11/20/2024,TX78521,2785,"$1,517.97 ",4
53142,WI,8/19/2024,TX78521,2819,"$1,517.07 ",4
53142,WI,9/3/2024,TX78521,7604,"$3,447.50 ",4
53142,WI,12/13/2024,TX78521,2306,"$1,280.83 ",4
78501,TX,10/25/2024,TX78521,6140,$609.41 ,4
53142,WI,12/5/2024,TX78521,3766,"$1,973.81 ",4
78501,TX,12/23/2024,TX78521,9037,$642.74 ,3
37813,TN,5/16/2024,KY41048,5825,$775.41 ,3
78501,TX,11/18/2024,TX78521,8707,$603.03 ,3
37122,TN,4/19/2024,KY41048,1482,$447.52 ,3
37122,TN,3/25/2024,KY41048,2510,$721.06 ,3
78501,TX,12/18/2024,TX78521,4236,$439.25 ,3
N8W0A7,ON,9/9/2024,ONL3S3J1,1903,$610.46 ,3
N8W0A7,ON,9/25/2024,ONL3S3J1,1057,$604.77 ,3
N8W0A7,ON,5/27/2024,ONL3S3J1,466,$549.77 ,3
N8W0A7,ON,10/18/2024,ONL3S3J1,925,$544.99 ,3
N8W0A7,ON,8/6/2024,BCV2X8G1,1077,"$1,349.43 ",3
78501,TX,7/26/2024,TX78521,1160,$340.77 ,3
78501,TX,11/1/2024,TX78521,2910,$370.42 ,3
37122,TN,1/19/2024,KY41048,1291,$486.03 ,3
N8W0A7,ON,1/26/2024,MBR3H0L3,1746,"$1,409.04 ",3
N8W0A7,ON,11/29/2024,MBR3H0L3,701,$921.78 ,3
N8W0A7,ON,1/4/2024,ONL0S1J0,1108,$714.36 ,3
N8W0A7,ON,11/26/2024,ONL0S1J0,826,$603.61 ,3
N8W0A7,ON,10/11/2024,ONL3S3J1,586,$544.40 ,3
N8W0A7,ON,8/30/2024,ONL3S3J1,1537,$620.20 ,3
N8W0A7,ON,3/22/2024,ONL3S3J1,2901,$914.27 ,3
43125,OH,5/9/2024,FL33025,979,"$1,252.95 ",3
53142,WI,7/31/2024,TX78521,1208,$721.63 ,3
53142,WI,8/2/2024,TX78521,999,$613.41 ,3
53142,WI,10/1/2024,TX78521,8906,"$3,188.97 ",3
41048,KY,10/29/2024,CT6611,270,$538.83 ,3
41048,KY,3/7/2024,FL32822,7885,"$2,406.36 ",3
53142,WI,9/17/2024,TX78521,2333,"$1,210.67 ",3
53142,WI,12/17/2024,TX78521,1775,"$1,015.21 ",3
53142,WI,12/19/2024,TX78521,1601,$897.66 ,3
53142,WI,12/12/2024,TX78521,1776,"$1,005.09 ",3
53142,WI,12/9/2024,TX78521,2863,"$1,515.26 ",3
53142,WI,11/21/2024,TX78521,1070,$697.06 ,3
53142,WI,11/14/2024,TX78521,1283,$788.28 ,3
53142,WI,11/4/2024,TX78521,1141,$727.87 ,3
53142,WI,10/28/2024,TX78521,3164,"$1,635.16 ",3
53142,WI,10/18/2024,TX78521,1389,$817.54 ,3
53142,WI,10/8/2024,TX78521,4237,"$2,224.39 ",3
53142,WI,12/18/2024,TX78521,2919,"$1,548.66 ",3
41048,KY,7/24/2024,CA91020,730,"$1,311.61 ",3
78501,TX,5/13/2024,TX78521,4386,$539.97 ,3
78501,TX,7/10/2024,TX78521,2310,$363.18 ,3
78501,TX,3/8/2024,TX78521,4793,$480.19 ,3
78501,TX,2/8/2024,TX78521,3135,$384.74 ,3
78501,TX,5/9/2024,KY41048,2424,"$1,062.54 ",3
78501,TX,4/22/2024,TX78521,1422,$344.40 ,3
78501,TX,2/29/2024,KY41048,3873,"$1,520.58 ",3
78501,TX,2/16/2024,KY41048,2874,"$1,116.05 ",3
53142,WI,12/26/2024,KY41048,1259,$396.70 ,3
78501,TX,2/5/2024,KY41048,4024,"$1,512.92 ",3
53142,WI,3/6/2024,KY41048,2339,$456.45 ,3
41048,KY,4/23/2024,CO80129,1686,"$1,658.06 ",3
53142,WI,1/19/2024,KY41048,2887,$697.10 ,3
53142,WI,12/23/2024,TX78521,2035,"$1,116.08 ",3
41048,KY,6/7/2024,CA90058,270,$837.87 ,3
78501,TX,8/16/2024,TX78521,7097,$510.50 ,3
78501,TX,9/16/2024,TX78521,8221,$595.13 ,3
78501,TX,10/2/2024,TX78521,4538,$470.44 ,3
78501,TX,10/16/2024,TX78521,8032,$598.72 ,3
78501,TX,10/10/2024,TX78521,2396,$337.91 ,3
78501,TX,10/23/2024,TX78521,2340,$341.10 ,3
41048,KY,3/19/2024,AZ85338,2573,"$1,409.27 ",3
41048,KY,12/9/2024,AZ85338,1044,$775.55 ,3
53142,WI,8/5/2024,FL33025,4608,"$2,560.37 ",3
41048,KY,7/5/2024,IN46738,940,$331.65 ,3
53142,WI,4/9/2024,TX78521,5831,"$3,795.91 ",3
41048,KY,9/4/2024,IN46738,634,$312.00 ,3
41048,KY,9/27/2024,IN46738,837,$308.40 ,3
41048,KY,9/5/2024,IL60642,600,$361.50 ,3
41048,KY,8/13/2024,IN46738,2015,$405.63 ,3
41048,KY,9/10/2024,IL60642,4614,$803.36 ,3
41048,KY,9/13/2024,IL60642,6769,$933.67 ,3
41048,KY,12/27/2024,IL60642,2205,$536.66 ,3
41048,KY,12/18/2024,IN46738,810,$337.51 ,3
41048,KY,2/2/2024,IN46818,1743,$340.92 ,3
41048,KY,2/6/2024,MI49512,2733,"$1,253.42 ",3
41048,KY,4/1/2024,MI49423,3513,$822.02 ,3
41048,KY,12/10/2024,KY41048,3514,$361.69 ,3
53142,WI,1/30/2024,TX78521,6063,"$3,502.29 ",3
53142,WI,3/12/2024,TX78521,4413,"$2,936.19 ",3
53142,WI,10/24/2024,FL33025,2744,"$1,935.45 ",3
41048,KY,6/6/2024,FL33166,360,$481.77 ,3
53142,WI,7/25/2024,TX78521,994,$610.80 ,3
53142,WI,5/21/2024,TX78521,1260,$998.11 ,3
53142,WI,3/19/2024,TX78521,2862,"$2,022.50 ",3
53142,WI,7/29/2024,TX78521,1367,$766.04 ,3
41048,KY,4/30/2024,IL60133,1261,$497.61 ,3
41048,KY,10/11/2024,IL62025,3702,$637.11 ,3
41048,KY,9/13/2024,IL60561,1820,$512.77 ,3
41048,KY,11/25/2024,IL60133,1955,$728.61 ,3
41048,KY,12/9/2024,IL62025,5418,$815.70 ,3
41048,KY,3/27/2024,IN46738,1369,$360.48 ,3
41048,KY,3/22/2024,IN46738,1691,$374.59 ,3
41048,KY,5/8/2024,IN46168,2215,$451.12 ,3
41048,KY,5/10/2024,IN46738,1013,$318.00 ,3
41048,KY,4/29/2024,IN46738,1450,$319.20 ,3
41048,KY,3/28/2024,ME4102,840,$679.39 ,3
41048,KY,6/28/2024,IN46738,1146,$333.88 ,3
41048,KY,6/24/2024,IN46738,1742,$359.57 ,3
41048,KY,6/17/2024,IN46738,1887,$401.09 ,3
41048,KY,6/6/2024,IN46738,849,$314.40 ,3
41048,KY,5/15/2024,IN46738,1346,$323.43 ,3
41048,KY,10/3/2024,IN46738,2771,$445.75 ,3
41048,KY,12/13/2024,TN37013,2983,"$1,167.00 ",3
41048,KY,12/10/2024,TN37013,1540,$802.82 ,3
41048,KY,12/16/2024,TN37013,1090,$667.28 ,3
41048,KY,12/23/2024,TN37013,442,$602.28 ,3
41048,KY,6/17/2024,TN38118,3698,"$1,056.97 ",3
41048,KY,11/20/2024,TN37013,484,$631.48 ,3
41048,KY,11/22/2024,TN37013,1588,$844.60 ,3
41048,KY,2/13/2024,NV89030,3368,"$2,150.94 ",3
41048,KY,3/20/2024,NV89030,732,"$1,300.15 ",3
41048,KY,12/18/2024,TN37013,1734,$795.47 ,3
41048,KY,7/24/2024,TX77563,240,$393.30 ,3
41048,KY,8/20/2024,TX76137,715,$438.09 ,3
41048,KY,1/15/2024,NV89030,1106,"$1,187.95 ",3
41048,KY,8/1/2024,WA98052,571,$866.74 ,3
41048,KY,1/26/2024,NV89030,4762,"$7,655.21 ",3
41048,KY,10/28/2024,TN37013,12240,"$2,969.47 ",3
41048,KY,11/13/2024,TN37013,4060,"$1,334.36 ",3
41048,KY,11/7/2024,TN37013,1507,$774.62 ,3
41048,KY,11/4/2024,TN37013,1518,$950.91 ,3
41048,KY,11/15/2024,TN37013,5860,"$2,619.63 ",3
41048,KY,3/25/2024,NV89030,5348,"$4,718.04 ",3
41048,KY,9/16/2024,TN37013,3717,$578.98 ,3
41048,KY,8/6/2024,TN37013,675,$508.56 ,3
41048,KY,4/22/2024,NV89030,2041,"$1,829.85 ",3
41048,KY,4/29/2024,NV89030,3313,"$6,175.89 ",3
41048,KY,3/4/2024,NY11050,2484,"$1,366.67 ",3
41048,KY,4/16/2024,TN37013,3637,$674.11 ,3
41048,KY,5/17/2024,NV89030,4553,"$2,081.62 ",3
41048,KY,5/3/2024,NV89030,5941,"$5,213.67 ",3
41048,KY,6/4/2024,NV89030,2748,"$2,214.36 ",3
41048,KY,6/3/2024,NV89030,1616,"$1,724.71 ",3
41048,KY,7/9/2024,NV89030,1172,"$1,417.93 ",3
41048,KY,7/30/2024,NV89030,2092,"$2,522.07 ",3
41048,KY,7/31/2024,NV89030,3128,"$7,183.16 ",3
41048,KY,7/31/2024,NY10509,1217,$495.09 ,3
41048,KY,6/26/2024,NV89030,3958,"$3,221.30 ",3
41048,KY,6/20/2024,NV89030,5308,"$3,823.67 ",3
41048,KY,6/27/2024,NV89030,8172,"$3,654.89 ",3
41048,KY,7/1/2024,NV89030,11174,"$4,274.78 ",3
41048,KY,7/23/2024,NV89119,4535,"$2,284.13 ",3
41048,KY,11/20/2024,NV89119,2998,"$1,291.37 ",3
41048,KY,11/15/2024,NV89030,6725,"$2,824.98 ",3
41048,KY,11/21/2024,NV89030,3517,"$2,960.99 ",3
41048,KY,9/30/2024,NV89030,9160,"$31,022.74 ",3
41048,KY,9/18/2024,NV89030,2425,"$5,045.54 ",3
41048,KY,9/11/2024,NV89030,3430,"$5,760.28 ",3
38133,TN,11/12/2024,KY41048,9635,"$1,419.82 ",3
N8W0A7,ON,8/21/2024,QCH4T1Z8,428,$433.25 ,2
1913,MA,10/11/2024,PA19426,484,$457.50 ,2
60502,IL,4/10/2024,WA98188,755,$938.76 ,2
78753,TX,1/25/2024,KY41048,1065,$525.41 ,2
78753,TX,2/23/2024,KY41048,641,$318.06 ,2
78753,TX,3/19/2024,KY41048,737,$396.77 ,2
78753,TX,3/28/2024,KY41048,615,$362.11 ,2
78753,TX,7/8/2024,KY41048,733,$365.66 ,2
78753,TX,8/12/2024,KY41048,1080,$423.34 ,2
78753,TX,8/30/2024,KY41048,896,$365.64 ,2
N8W0A7,ON,6/11/2024,PQH1E5Y7,670,$572.65 ,2
N8W0A7,ON,5/30/2024,PQH1E5Y7,240,$504.27 ,2
N8W0A7,ON,7/25/2024,PQG5Y3X6,337,$939.24 ,2
N8W0A7,ON,7/19/2024,PQG5Y3X6,345,$834.14 ,2
N8W0A7,ON,7/3/2024,PQG5Y3X6,441,$923.14 ,2
N8W0A7,ON,7/2/2024,PQG5Y3X6,268,$922.89 ,2
N8W0A7,ON,9/26/2024,ONP3E3Y9,396,$864.42 ,2
N8W0A7,ON,11/20/2024,ONN8N4Y3,884,$309.83 ,2
N8W0A7,ON,8/26/2024,ONN7T6S3,237,$325.92 ,2
N8W0A7,ON,12/16/2024,ONM9W5S6,705,$388.94 ,2
N8W0A7,ON,12/4/2024,ONM9W5S6,939,$394.61 ,2
N8W0A7,ON,11/26/2024,ONM9W5S6,441,$340.08 ,2
76177,TX,2/19/2024,TX78521,393,$232.74 ,2
76177,TX,2/15/2024,TX78521,774,$298.15 ,2
76177,TX,1/22/2024,TX78521,674,$290.68 ,2
76177,TX,1/19/2024,TX78521,654,$290.68 ,2
41048,KY,9/6/2024,NV89030,4006,"$4,757.90 ",2
41048,KY,8/28/2024,NV89030,2556,"$2,004.22 ",2
41048,KY,8/26/2024,NV89030,3394,"$2,482.00 ",2
41048,KY,8/22/2024,NV89030,1990,"$2,011.08 ",2
41048,KY,8/20/2024,NV89030,1671,"$1,736.02 ",2
41048,KY,8/19/2024,NV89030,1545,"$1,836.36 ",2
41048,KY,8/16/2024,NV89030,2231,"$1,808.04 ",2
41048,KY,8/15/2024,NV89030,4516,"$2,047.04 ",2
41048,KY,8/13/2024,NV89030,3386,"$2,043.46 ",2
41048,KY,8/12/2024,NV89030,1402,"$1,737.22 ",2
41048,KY,8/9/2024,NV89030,1968,"$1,663.96 ",2
N8W0A7,ON,1/15/2024,PQH4S1V3,687,$441.30 ,2
N8W0A7,ON,1/2/2024,PQH4S1V3,509,$450.13 ,2
N8W0A7,ON,12/3/2024,PQH4S1L5,242,$347.28 ,2
N8W0A7,ON,1/17/2024,PQH4S1L5,374,$367.02 ,2
N8W0A7,ON,9/10/2024,PQH4R1X1,116,$287.43 ,2
41048,KY,11/20/2024,NV89030,3450,"$1,729.31 ",2
41048,KY,11/12/2024,NV89030,715,$902.13 ,2
41048,KY,11/5/2024,NV89030,790,$889.57 ,2
41048,KY,10/30/2024,NV89030,2235,"$3,283.11 ",2
41048,KY,10/28/2024,NV89030,710,"$1,772.36 ",2
41048,KY,10/23/2024,NV89030,6844,"$2,635.00 ",2
41048,KY,10/18/2024,NV89030,3505,"$1,902.87 ",2
41048,KY,10/17/2024,NV89030,4335,"$1,873.31 ",2
41048,KY,10/11/2024,NV89030,2804,"$1,525.98 ",2
41048,KY,10/2/2024,NV89030,4325,"$3,281.73 ",2
41048,KY,10/1/2024,NV89030,7030,"$24,792.60 ",2
41048,KY,9/23/2024,NV89030,7259,"$9,122.96 ",2
41048,KY,9/20/2024,NV89030,600,"$1,103.16 ",2
41048,KY,9/17/2024,NV89030,6239,"$7,383.89 ",2
41048,KY,9/16/2024,NV89030,1170,"$1,151.07 ",2
41048,KY,9/13/2024,NV89030,5145,"$2,224.47 ",2
41048,KY,7/15/2024,NV89030,4555,"$2,595.22 ",2
41048,KY,7/8/2024,NV89030,18415,"$4,022.02 ",2
41048,KY,7/5/2024,NV89030,3004,"$3,299.72 ",2
41048,KY,6/10/2024,NV89030,2858,"$1,241.56 ",2
41048,KY,6/5/2024,NV89030,1876,"$1,305.75 ",2
41048,KY,9/4/2024,NV89119,3470,"$1,621.85 ",2
41048,KY,8/13/2024,NV89119,2447,"$1,634.55 ",2
41048,KY,7/24/2024,NV89119,4336,"$1,779.72 ",2
41048,KY,7/2/2024,NV89119,221,$573.76 ,2
41048,KY,6/25/2024,NV89119,3676,"$3,276.70 ",2
41048,KY,12/30/2024,NV89030,1480,"$1,764.73 ",2
41048,KY,12/26/2024,NV89030,2930,"$2,547.12 ",2
41048,KY,12/20/2024,NV89030,1252,$715.38 ,2
41048,KY,12/11/2024,NV89030,5274,"$3,856.63 ",2
41048,KY,12/6/2024,NV89030,1100,$659.89 ,2
41048,KY,12/2/2024,NV89030,922,$596.77 ,2
41048,KY,2/28/2024,NY11420,320,$916.68 ,2
41048,KY,2/23/2024,NY11420,345,$924.95 ,2
41048,KY,2/8/2024,NY11420,350,$924.40 ,2
41048,KY,2/19/2024,NY11419,355,"$1,020.65 ",2
41048,KY,4/24/2024,NY11385,735,$770.47 ,2
41048,KY,2/9/2024,NY11385,350,$924.40 ,2
41048,KY,2/9/2024,NY11237,345,$919.13 ,2
41048,KY,2/23/2024,NY11208,350,$930.30 ,2
41048,KY,11/5/2024,NY10509,1603,$463.67 ,2
41048,KY,7/22/2024,NY10509,1839,$702.52 ,2
41048,KY,3/8/2024,NY10017,2592,"$1,709.79 ",2
41048,KY,2/16/2024,NY10017,1569,"$1,159.36 ",2
41048,KY,2/27/2024,NY10003,345,$971.34 ,2
41048,KY,8/5/2024,NV89030,800,"$1,892.11 ",2
41048,KY,8/2/2024,NV89030,6551,"$1,681.69 ",2
41048,KY,7/22/2024,NV89030,2170,"$1,099.17 ",2
41048,KY,9/16/2024,NY13760,637,$645.12 ,2
41048,KY,9/12/2024,NY13760,1031,"$1,175.96 ",2
41048,KY,9/11/2024,NY13760,1220,"$1,246.78 ",2
41048,KY,8/13/2024,NY13760,1270,"$1,015.18 ",2
41048,KY,7/24/2024,NY13760,1321,"$1,526.42 ",2
41048,KY,7/16/2024,NY13760,784,$653.17 ,2
41048,KY,6/20/2024,NY13760,678,$788.84 ,2
41048,KY,5/13/2024,NY13760,550,$611.28 ,2
41048,KY,5/8/2024,NY13760,703,$475.32 ,2
41048,KY,4/11/2024,NY13760,1091,"$1,170.89 ",2
41048,KY,3/21/2024,NY13760,488,$309.48 ,2
41048,KY,3/20/2024,NY13760,949,$974.58 ,2
41048,KY,2/29/2024,NY13760,1356,"$1,390.29 ",2
41048,KY,1/9/2024,NY13760,525,$740.39 ,2
41048,KY,6/25/2024,NY13748,589,$236.82 ,2
41048,KY,3/22/2024,NY11779,789,$931.17 ,2
41048,KY,1/25/2024,PA19082,460,$658.92 ,2
41048,KY,7/1/2024,PA19061,692,$355.44 ,2
41048,KY,4/18/2024,PA19061,692,$284.06 ,2
41048,KY,1/11/2024,PA19050,355,$686.95 ,2
41048,KY,12/17/2024,PA18109,643,$348.44 ,2
41048,KY,10/1/2024,PA18109,521,$416.83 ,2
41048,KY,1/5/2024,PA18109,1116,$629.41 ,2
41048,KY,6/17/2024,PA18017,2039,$308.21 ,2
41048,KY,8/9/2024,PA15213,321,$444.56 ,2
41048,KY,9/5/2024,OR97071,1774,"$1,832.54 ",2
41048,KY,3/28/2024,OH44131,180,$208.84 ,2
41048,KY,7/2/2024,OH43035,210,$203.65 ,2
41048,KY,4/11/2024,NY14623,912,$389.52 ,2
41048,KY,12/9/2024,NY13760,386,$342.34 ,2
41048,KY,10/7/2024,NY13760,1022,"$1,233.64 ",2
41048,KY,9/26/2024,NY13760,947,"$1,075.09 ",2
41048,KY,4/19/2024,NV89030,5154,"$2,063.96 ",2
41048,KY,4/15/2024,NV89030,6588,"$6,016.97 ",2
41048,KY,7/16/2024,TN37013,456,$341.64 ,2
41048,KY,7/12/2024,TN37013,1176,$556.87 ,2
41048,KY,7/8/2024,TN37013,470,$340.60 ,2
41048,KY,6/28/2024,TN37013,1686,$376.15 ,2
41048,KY,6/26/2024,TN37013,686,$339.04 ,2
41048,KY,6/11/2024,TN37013,647,$338.00 ,2
41048,KY,5/9/2024,TN37013,1900,$382.09 ,2
41048,KY,4/18/2024,TN37013,2658,$425.01 ,2
41048,KY,4/9/2024,TN37013,2125,$383.71 ,2
41048,KY,2/22/2024,TN37013,1792,$350.25 ,2
41048,KY,2/19/2024,TN37013,1685,$353.30 ,2
41048,KY,1/4/2024,TN37013,1234,$342.16 ,2
41048,KY,10/7/2024,SD57107,491,$698.19 ,2
41048,KY,6/6/2024,PA19083,240,$418.18 ,2
41048,KY,2/7/2024,NV89030,2179,"$2,388.08 ",2
41048,KY,2/5/2024,NV89030,4075,"$2,689.02 ",2
41048,KY,11/12/2024,TN37013,2550,$650.73 ,2
41048,KY,10/30/2024,TN37013,2023,$614.75 ,2
41048,KY,10/29/2024,TN37013,5222,"$1,866.79 ",2
41048,KY,9/25/2024,TN37013,1112,$334.10 ,2
41048,KY,8/20/2024,TN37013,331,$337.48 ,2
41048,KY,7/19/2024,TN37013,593,$340.60 ,2
41048,KY,5/30/2024,NV89030,6393,"$2,659.05 ",2
41048,KY,5/29/2024,NV89030,3575,"$4,118.58 ",2
41048,KY,5/22/2024,NV89030,1682,"$2,156.85 ",2
41048,KY,5/16/2024,NV89030,1612,"$3,396.85 ",2
41048,KY,5/14/2024,NV89030,3478,"$1,958.72 ",2
41048,KY,5/7/2024,NV89030,5956,"$2,632.01 ",2
41048,KY,4/30/2024,NV89030,1447,"$1,238.21 ",2
41048,KY,4/24/2024,NV89030,971,$827.34 ,2
41048,KY,12/17/2024,TN37013,1607,$629.51 ,2
41048,KY,12/6/2024,TN37013,658,$503.37 ,2
41048,KY,12/3/2024,TN37013,1350,$574.10 ,2
41048,KY,12/2/2024,TN37013,8242,"$2,439.66 ",2
41048,KY,11/21/2024,TN37013,577,$463.36 ,2
41048,KY,11/18/2024,TN37013,1382,$679.47 ,2
41048,KY,4/11/2024,NV89030,5258,"$6,266.07 ",2
41048,KY,4/9/2024,NV89030,7875,"$4,393.50 ",2
41048,KY,4/8/2024,NV89030,4344,"$8,570.31 ",2
41048,KY,4/5/2024,NV89030,332,$813.54 ,2
41048,KY,3/29/2024,NV89030,4857,"$3,048.55 ",2
41048,KY,3/19/2024,NV89030,1092,"$1,373.20 ",2
41048,KY,3/15/2024,NV89030,1177,"$1,080.88 ",2
41048,KY,3/5/2024,NV89030,10399,"$4,086.07 ",2
41048,KY,2/27/2024,NV89030,6866,"$3,317.39 ",2
41048,KY,2/9/2024,NV89030,6806,"$3,683.90 ",2
41048,KY,2/28/2024,TX75701,1326,$559.22 ,2
41048,KY,9/12/2024,TX75482,532,$263.29 ,2
41048,KY,5/6/2024,TX75234,360,$265.64 ,2
41048,KY,11/20/2024,TX75214,439,$498.61 ,2
41048,KY,8/2/2024,TX75214,438,$414.80 ,2
41048,KY,8/1/2024,TX75214,337,$322.00 ,2
41048,KY,12/27/2024,TX75169,695,$563.24 ,2
41048,KY,5/1/2024,TX75074,1483,$552.32 ,2
41048,KY,7/12/2024,TX75071,219,$264.02 ,2
41048,KY,3/6/2024,TX75067,2065,$677.50 ,2
41048,KY,2/14/2024,TX75062,3454,"$1,143.74 ",2
41048,KY,2/13/2024,TX75062,3573,"$1,054.76 ",2
41048,KY,11/20/2024,TN38118,540,$244.03 ,2
41048,KY,6/18/2024,TN38118,5576,$832.63 ,2
41048,KY,9/26/2024,TN38104,283,$334.10 ,2
41048,KY,12/20/2024,TN37013,1862,$706.01 ,2
41048,KY,5/2/2024,TX79925,858,$463.59 ,2
41048,KY,3/28/2024,TX78703,790,$350.83 ,2
41048,KY,7/22/2024,TX78045,3345,"$1,242.38 ",2
41048,KY,6/11/2024,TX77320,240,$259.78 ,2
41048,KY,8/1/2024,TX77041,1203,$450.95 ,2
41048,KY,9/9/2024,TX76137,3429,"$1,079.72 ",2
41048,KY,8/23/2024,TX76137,9275,"$2,235.63 ",2
41048,KY,5/23/2024,TX76137,12376,"$2,134.35 ",2
41048,KY,7/17/2024,TX76114,524,$450.64 ,2
41048,KY,8/26/2024,TX76051,976,$389.63 ,2
41048,KY,1/22/2024,TX75702,210,$625.74 ,2
41048,KY,11/21/2024,TX75701,1277,$972.56 ,2
41048,KY,8/1/2024,TX75701,1296,$435.01 ,2
41048,KY,7/2/2024,TX75701,1294,$434.46 ,2
41048,KY,5/16/2024,TX75701,809,$350.41 ,2
41048,KY,4/2/2024,TX75701,1285,$442.70 ,2
41048,KY,9/4/2024,WA98052,482,$632.78 ,2
41048,KY,8/23/2024,WA98052,1084,$747.90 ,2
41048,KY,8/21/2024,WA98052,1529,"$1,769.44 ",2
41048,KY,7/31/2024,WA98052,248,$612.88 ,2
41048,KY,7/25/2024,WA98052,756,$654.55 ,2
41048,KY,5/23/2024,WA98052,437,$613.82 ,2
41048,KY,1/23/2024,WA98052,5110,"$2,654.16 ",2
41048,KY,7/12/2024,WA98032,3529,"$1,848.11 ",2
41048,KY,4/1/2024,VA24012,2856,$615.31 ,2
41048,KY,7/24/2024,VA23231,180,$275.56 ,2
41048,KY,10/17/2024,VA23005,880,$333.34 ,2
41048,KY,4/29/2024,VA22030,645,$345.93 ,2
41048,KY,7/30/2024,VA20166,497,$470.80 ,2
41048,KY,6/18/2024,VA20166,2883,$443.93 ,2
41048,KY,3/25/2024,UT84606,348,$780.33 ,2
41048,KY,1/16/2024,TX79928,329,$382.02 ,2
41048,KY,1/2/2024,NV89030,1677,"$1,430.77 ",2
41048,KY,11/19/2024,NM87505,830,$747.06 ,2
41048,KY,12/26/2024,NJ7054,3822,$878.82 ,2
41048,KY,5/9/2024,NC28645,600,$264.62 ,2
41048,KY,10/18/2024,NC28273,972,$310.88 ,2
41048,KY,3/19/2024,NC28273,3347,$603.35 ,2
41048,KY,3/4/2024,NC28273,2019,$466.26 ,2
41048,KY,8/13/2024,IL60084,3028,$488.37 ,2
41048,KY,10/16/2024,IA52632,724,$223.20 ,2
41048,KY,10/24/2024,WI53142,1787,$415.76 ,2
41048,KY,1/22/2024,WI53142,4476,$671.15 ,2
41048,KY,8/12/2024,WA98387,1049,"$1,064.52 ",2
41048,KY,9/26/2024,WA98072,827,$926.48 ,2
41048,KY,3/14/2024,WA98072,4975,"$2,521.65 ",2
41048,KY,9/27/2024,WA98052,1709,"$1,048.54 ",2
41048,KY,9/13/2024,WA98052,895,"$1,749.54 ",2
41048,KY,10/9/2024,IL60133,340,$205.60 ,2
41048,KY,8/1/2024,IL60133,2292,$374.45 ,2
41048,KY,7/9/2024,IL60133,531,$214.99 ,2
41048,KY,6/26/2024,IL60133,818,$249.33 ,2
41048,KY,6/24/2024,IL60133,1021,$234.89 ,2
41048,KY,5/20/2024,IL60133,858,$388.94 ,2
41048,KY,4/1/2024,IL60133,1092,$265.27 ,2
41048,KY,3/18/2024,IL60133,513,$213.60 ,2
41048,KY,3/8/2024,IL60133,335,$214.40 ,2
41048,KY,1/26/2024,IL60133,2143,$365.12 ,2
41048,KY,1/31/2024,NV89030,2748,"$1,772.69 ",2
41048,KY,1/29/2024,NV89030,2067,"$2,841.71 ",2
41048,KY,1/11/2024,NV89030,3420,"$2,138.22 ",2
41048,KY,1/10/2024,NV89030,639,$754.66 ,2
41048,KY,1/8/2024,NV89030,2323,"$2,279.75 ",2
41048,KY,1/4/2024,NV89030,2754,"$2,460.06 ",2
41048,KY,12/10/2024,IL60173,1751,$316.29 ,2
41048,KY,11/13/2024,IL60173,1367,$321.87 ,2
41048,KY,10/1/2024,IL60173,519,$205.60 ,2
41048,KY,9/16/2024,IL60173,754,$223.17 ,2
41048,KY,4/4/2024,IL60173,584,$213.60 ,2
41048,KY,3/29/2024,IL60173,607,$218.70 ,2
41048,KY,3/25/2024,IL60173,491,$213.60 ,2
41048,KY,1/22/2024,IL60173,699,$210.96 ,2
41048,KY,8/8/2024,IL60169,879,$218.14 ,2
41048,KY,7/26/2024,IL60169,1657,$331.38 ,2
41048,KY,5/2/2024,IL60169,668,$214.97 ,2
41048,KY,4/26/2024,IL60169,1986,$373.43 ,2
41048,KY,2/14/2024,IL60169,1630,$323.16 ,2
41048,KY,4/2/2024,IL60143,436,$215.56 ,2
41048,KY,12/12/2024,IL60133,1930,$377.24 ,2
41048,KY,12/4/2024,IL60133,1195,$261.69 ,2
41048,KY,6/7/2024,NC27215,3490,$622.43 ,2
41048,KY,12/30/2024,MS38611,4840,$820.58 ,2
41048,KY,6/4/2024,MI48044,366,$277.14 ,2
41048,KY,5/8/2024,ME4102,616,$715.27 ,2
41048,KY,8/6/2024,MD21224,618,$372.94 ,2
41048,KY,4/9/2024,IN46738,597,$212.80 ,2
41048,KY,4/2/2024,IN46738,1381,$220.30 ,2
41048,KY,3/29/2024,IN46738,3027,$444.63 ,2
41048,KY,3/28/2024,IN46738,1922,$347.03 ,2
41048,KY,3/25/2024,IN46738,942,$213.60 ,2
41048,KY,10/11/2024,IN46168,3120,$362.89 ,2
41048,KY,5/23/2024,IN46168,700,$232.52 ,2
41048,KY,3/26/2024,IN46168,1630,$242.61 ,2
41048,KY,11/14/2024,IL62025,1356,$269.53 ,2
41048,KY,10/28/2024,IL62025,750,$212.40 ,2
41048,KY,9/26/2024,IL62025,1581,$285.29 ,2
41048,KY,7/16/2024,IN46738,938,$218.58 ,2
41048,KY,6/14/2024,IN46738,1649,$299.24 ,2
41048,KY,6/10/2024,IN46738,811,$208.80 ,2
41048,KY,6/5/2024,IN46738,787,$209.60 ,2
41048,KY,5/9/2024,IN46738,672,$212.00 ,2
41048,KY,4/30/2024,IN46738,1694,$280.88 ,2
41048,KY,4/23/2024,IN46738,806,$213.60 ,2
41048,KY,4/16/2024,IN46738,933,$238.43 ,2
41048,KY,6/6/2024,NC28203,984,$418.00 ,2
41048,KY,11/6/2024,NC27713,3405,$655.65 ,2
41048,KY,10/3/2024,NC27713,1208,$317.14 ,2
41048,KY,8/9/2024,NC27703,450,$261.80 ,2
41048,KY,4/19/2024,NC27703,364,$241.26 ,2
41048,KY,7/8/2024,NC27401,220,$263.00 ,2
41048,KY,10/21/2024,NC27215,4320,$801.53 ,2
41048,KY,8/2/2024,NC27215,3784,$651.32 ,2
41048,KY,6/12/2024,MA1460,2009,$648.36 ,2
41048,KY,10/4/2024,IN46738,3140,$443.53 ,2
41048,KY,6/17/2024,IN46738,2481,$369.61 ,2
41048,KY,4/29/2024,IN46168,6330,$451.17 ,2
41048,KY,12/20/2024,IL60642,789,$301.21 ,2
41048,KY,10/7/2024,IL60642,579,$261.37 ,2
41048,KY,9/23/2024,IL60642,884,$332.17 ,2
41048,KY,8/1/2024,IL60642,223,$244.50 ,2
41048,KY,7/30/2024,IL60642,1723,$383.44 ,2
41048,KY,10/4/2024,IN46738,1135,$276.19 ,2
41048,KY,8/30/2024,IN46738,714,$208.00 ,2
41048,KY,8/29/2024,IN46738,734,$208.00 ,2
41048,KY,8/26/2024,IN46738,457,$208.00 ,2
41048,KY,8/20/2024,IN46738,235,$208.80 ,2
41048,KY,8/14/2024,IN46738,1137,$240.10 ,2
41048,KY,7/17/2024,IN46738,626,$211.20 ,2
41048,KY,10/3/2024,KY41048,634,$185.54 ,2
41048,KY,6/11/2024,KY41048,635,$182.70 ,2
41048,KY,4/17/2024,KY41048,1067,$187.60 ,2
41048,KY,3/13/2024,KY41048,500,$186.90 ,2
41048,KY,3/20/2024,IN46818,1262,$252.92 ,2
41048,KY,3/13/2024,IN46818,1122,$241.57 ,2
41048,KY,2/15/2024,IN46818,2683,$352.39 ,2
41048,KY,2/1/2024,IN46818,1041,$256.25 ,2
41048,KY,12/17/2024,IN46738,916,$227.17 ,2
41048,KY,12/3/2024,IN46738,985,$222.72 ,2
41048,KY,10/30/2024,IN46738,897,$236.65 ,2
41048,KY,10/16/2024,IN46738,574,$212.89 ,2
41048,KY,10/11/2024,IN46738,1114,$266.36 ,2
41048,KY,7/18/2024,MD21224,1073,$374.66 ,2
41048,KY,2/16/2024,MA2215,598,$488.93 ,2
41048,KY,7/11/2024,MA2118,462,$598.36 ,2
41048,KY,7/11/2024,MN55374,1016,$586.62 ,2
41048,KY,10/30/2024,MN55344,245,$206.40 ,2
41048,KY,9/5/2024,MN55344,311,$208.00 ,2
41048,KY,6/26/2024,MN55344,324,$256.78 ,2
41048,KY,11/18/2024,MN55101,5215,$970.02 ,2
41048,KY,3/14/2024,MI49548,282,$213.60 ,2
41048,KY,8/26/2024,MI49512,356,$208.00 ,2
41048,KY,3/29/2024,MI49512,861,$216.08 ,2
41048,KY,12/17/2024,MI48084,594,$204.80 ,2
41048,KY,12/13/2024,MI48084,2086,$356.50 ,2
41048,KY,8/19/2024,MI48084,286,$208.80 ,2
41048,KY,2/23/2024,MI48084,3726,$728.77 ,2
41048,KY,10/7/2024,ME4102,200,$396.28 ,2
41048,KY,4/24/2024,KY41071,1348,$281.90 ,2
41048,KY,12/23/2024,KY41048,788,$187.00 ,2
41048,KY,11/7/2024,KY41048,2843,$232.73 ,2
41048,KY,1/24/2024,OH44460,2937,$421.65 ,2
41048,KY,12/27/2024,OH44145,981,$238.95 ,2
41048,KY,12/23/2024,OH44145,1943,$409.75 ,2
41048,KY,12/18/2024,OH44145,3050,$654.89 ,2
41048,KY,11/20/2024,OH44145,1602,$262.50 ,2
41048,KY,2/6/2024,OH44145,3852,$543.67 ,2
41048,KY,2/5/2024,OH44145,2197,$354.36 ,2
41048,KY,8/9/2024,OH44004,588,$212.04 ,2
41048,KY,7/12/2024,OH43125,1206,$229.40 ,2
41048,KY,3/26/2024,NY13413,1109,$442.50 ,2
41048,KY,4/19/2024,NJ8401,600,$634.88 ,2
41048,KY,1/15/2024,NJ7430,863,$352.43 ,2
41048,KY,2/27/2024,MN55447,725,$440.55 ,2
41048,KY,8/29/2024,MN55437,2215,$788.20 ,2
41048,KY,6/25/2024,MN55379,552,$263.71 ,2
41048,KY,9/9/2024,MN55374,1190,$371.51 ,2
41048,KY,10/25/2024,WI54942,4033,$658.83 ,2
41048,KY,7/25/2024,WI54942,1183,$273.35 ,2
41048,KY,12/10/2024,WI54889,828,$331.94 ,2
41048,KY,4/22/2024,WI54022,710,$368.82 ,2
41048,KY,8/26/2024,WI53209,764,$272.21 ,2
41048,KY,1/2/2024,WI53209,739,$232.74 ,2
41048,KY,2/16/2024,WI53142,460,$205.92 ,2
41048,KY,1/24/2024,WI53142,1843,$560.83 ,2
41048,KY,1/23/2024,WI53142,1867,$392.62 ,2
41048,KY,11/6/2024,WI53080,802,$222.53 ,2
41048,KY,8/19/2024,OH44718,669,$588.80 ,2
41048,KY,11/18/2024,OH44460,904,$210.28 ,2
41048,KY,11/12/2024,OH44460,1389,$275.00 ,2
41048,KY,10/21/2024,OH44460,1404,$279.85 ,2
41048,KY,10/7/2024,OH44460,888,$205.74 ,2
41048,KY,5/13/2024,OH44460,2511,$383.50 ,2
53142,WI,8/2/2024,FL33025,1947,"$1,251.39 ",2
53142,WI,8/1/2024,FL33025,2636,"$1,439.08 ",2
53142,WI,7/19/2024,FL33025,2332,"$1,398.93 ",2
53142,WI,7/18/2024,FL33025,2215,"$2,152.07 ",2
53142,WI,7/16/2024,FL33025,1420,"$1,125.86 ",2
53142,WI,6/26/2024,FL33025,2369,"$1,877.03 ",2
53142,WI,6/11/2024,FL33025,2540,"$1,916.94 ",2
53142,WI,6/3/2024,FL33025,4721,"$2,957.21 ",2
53142,WI,5/23/2024,FL33025,2802,"$1,950.63 ",2
53142,WI,5/20/2024,FL33025,616,$707.16 ,2
53142,WI,4/5/2024,FL33025,3949,"$2,971.03 ",2
53142,WI,2/9/2024,FL33025,6413,"$3,999.37 ",2
53142,WI,2/2/2024,FL33025,2276,"$2,015.77 ",2
53142,WI,1/31/2024,FL33025,2639,"$1,806.79 ",2
27260,NC,10/29/2024,KY41048,9676,"$1,500.40 ",2
27260,NC,8/19/2024,KY41048,3741,$732.53 ,2
41048,KY,1/30/2024,GA30542,3298,$564.61 ,2
41048,KY,5/31/2024,GA30349,911,$261.80 ,2
41048,KY,5/29/2024,GA30349,682,$262.83 ,2
41048,KY,3/22/2024,GA30265,2569,$537.84 ,2
41048,KY,11/27/2024,GA30106,2135,$508.08 ,2
41048,KY,5/21/2024,FL33860,1541,$784.06 ,2
41048,KY,8/5/2024,FL33607,431,$322.00 ,2
41048,KY,7/2/2024,FL33607,2044,$860.83 ,2
41048,KY,5/23/2024,FL33331,443,$262.40 ,2
41048,KY,5/28/2024,FL33309,330,$361.87 ,2
53142,WI,9/14/2024,FL33025,3984,"$2,497.00 ",2
53142,WI,9/13/2024,FL33025,4303,"$2,289.38 ",2
53142,WI,8/26/2024,FL33025,2729,"$1,559.46 ",2
53142,WI,8/15/2024,FL33025,2157,"$1,418.90 ",2
53142,WI,8/12/2024,FL33025,5973,"$2,851.41 ",2
53142,WI,8/8/2024,FL33025,4792,"$2,359.27 ",2
53142,WI,8/14/2024,TN37013,2197,$584.24 ,2
53142,WI,6/25/2024,TN37013,1068,$410.62 ,2
53142,WI,6/12/2024,TN37013,3804,$840.56 ,2
53142,WI,12/26/2024,IL60061,1515,$481.27 ,2
53142,WI,12/12/2024,FL33025,3596,"$1,957.19 ",2
53142,WI,12/11/2024,FL33025,2974,"$1,634.71 ",2
53142,WI,11/27/2024,FL33025,2385,"$1,380.80 ",2
53142,WI,11/13/2024,FL33025,3877,"$2,093.61 ",2
53142,WI,10/29/2024,FL33025,907,$796.14 ,2
53142,WI,10/18/2024,FL33025,2649,"$1,537.49 ",2
53142,WI,10/8/2024,FL33025,3469,"$2,133.09 ",2
53142,WI,10/2/2024,FL33025,1657,"$1,095.75 ",2
53142,WI,9/19/2024,FL33025,1972,"$1,265.95 ",2
41048,KY,5/16/2024,IL60133,2343,$491.45 ,2
41048,KY,2/6/2024,IL60133,3395,$719.54 ,2
41048,KY,4/23/2024,IL60124,1103,$327.04 ,2
53142,WI,5/31/2024,TX78521,1021,$783.89 ,2
53142,WI,5/29/2024,TX78521,589,$534.32 ,2
53142,WI,5/13/2024,TX78521,3355,"$2,154.23 ",2
53142,WI,4/30/2024,TX78521,1409,"$1,040.26 ",2
53142,WI,4/25/2024,TX78521,5858,"$9,283.50 ",2
53142,WI,4/8/2024,TX78521,2535,"$1,684.36 ",2
53142,WI,3/18/2024,TX78521,9286,"$10,818.61 ",2
53142,WI,3/4/2024,TX78521,978,$774.94 ,2
53142,WI,2/29/2024,TX78521,2984,"$1,929.25 ",2
53142,WI,2/26/2024,TX78521,3725,"$2,456.77 ",2
53142,WI,2/20/2024,TX78521,1096,"$1,058.96 ",2
53142,WI,2/15/2024,TX78521,2776,"$1,813.21 ",2
53142,WI,2/8/2024,TX78521,6760,"$4,008.06 ",2
53142,WI,2/5/2024,TX78521,2328,"$1,590.92 ",2
53142,WI,1/22/2024,TX78521,1590,"$1,345.47 ",2
53142,WI,9/23/2024,TN37013,1211,$370.32 ,2
41048,KY,12/18/2024,FL33025,7267,"$2,226.97 ",2
41048,KY,12/5/2024,FL33025,8470,"$2,539.51 ",2
41048,KY,11/27/2024,FL33025,8581,"$2,535.00 ",2
41048,KY,11/8/2024,FL33025,8847,"$2,722.30 ",2
41048,KY,11/6/2024,FL33025,6764,"$2,059.66 ",2
41048,KY,10/30/2024,FL33025,6082,"$2,136.95 ",2
41048,KY,9/30/2024,FL33025,6864,"$2,320.89 ",2
41048,KY,9/6/2024,FL33025,6341,"$1,859.85 ",2
41048,KY,8/30/2024,FL33025,4733,"$1,598.39 ",2
53142,WI,7/17/2024,TX78521,916,$527.01 ,2
53142,WI,7/11/2024,TX78521,746,$634.05 ,2
53142,WI,6/26/2024,TX78521,975,$762.55 ,2
53142,WI,6/19/2024,TX78521,477,$398.36 ,2
53142,WI,6/13/2024,TX78521,1266,$958.92 ,2
53142,WI,6/8/2024,TX78521,1365,$960.75 ,2
53142,WI,6/7/2024,TX78521,598,$499.06 ,2
41048,KY,8/1/2024,FL32819,380,$364.64 ,2
41048,KY,10/15/2024,FL32219,420,$264.74 ,2
41048,KY,6/18/2024,FL32124,334,$261.38 ,2
41048,KY,11/19/2024,CT6611,1182,$587.05 ,2
41048,KY,6/4/2024,CT6095,476,$412.06 ,2
53142,WI,9/12/2024,TX78521,2754,"$1,268.53 ",2
53142,WI,9/4/2024,TX78521,845,$475.47 ,2
53142,WI,8/22/2024,TX78521,1592,$811.08 ,2
53142,WI,8/16/2024,TX78521,764,$466.97 ,2
53142,WI,8/1/2024,TX78521,1077,$606.77 ,2
41048,KY,11/12/2024,FL33186,3739,"$1,388.26 ",2
41048,KY,10/8/2024,FL33182,1398,$773.52 ,2
41048,KY,9/13/2024,FL33178,1512,$629.15 ,2
41048,KY,12/12/2024,FL33167,436,$435.54 ,2
41048,KY,8/16/2024,FL33167,596,$455.96 ,2
41048,KY,9/9/2024,FL33166,584,$367.44 ,2
53142,WI,12/3/2024,TX78521,1427,$756.51 ,2
53142,WI,12/2/2024,TX78521,1478,$775.94 ,2
53142,WI,11/15/2024,TX78521,700,$446.21 ,2
53142,WI,10/17/2024,TX78521,829,$477.82 ,2
53142,WI,10/11/2024,TX78521,2883,"$1,537.26 ",2
53142,WI,10/10/2024,TX78521,823,$527.24 ,2
53142,WI,9/21/2024,TX78521,1122,$601.99 ,2
41048,KY,8/1/2024,FL33025,6176,"$1,754.35 ",2
41048,KY,6/28/2024,FL33025,11610,"$3,084.92 ",2
41048,KY,6/21/2024,FL33025,5526,"$1,845.81 ",2
41048,KY,5/13/2024,FL33025,2836,"$1,050.84 ",2
41048,KY,3/5/2024,FL33025,2861,"$1,091.93 ",2
41048,KY,2/22/2024,FL33025,4739,"$1,719.87 ",2
41048,KY,1/23/2024,FL33025,5850,"$1,644.13 ",2
41048,KY,1/16/2024,FL33025,4798,"$1,744.95 ",2
41048,KY,7/8/2024,FL32830,765,$443.67 ,2
41048,KY,7/26/2024,CO80129,600,$689.25 ,2
41048,KY,7/23/2024,CO80129,599,$479.46 ,2
41048,KY,2/1/2024,CO80129,2133,$943.37 ,2
41048,KY,8/8/2024,CO80112,519,$518.78 ,2
41048,KY,10/1/2024,CA95841,813,"$1,224.52 ",2
41048,KY,3/1/2024,CA95826,436,$568.81 ,2
41048,KY,1/15/2024,CA95826,1014,$728.97 ,2
41048,KY,5/23/2024,CA95112,2493,"$1,774.27 ",2
41048,KY,12/13/2024,CA95054,430,$889.30 ,2
41048,KY,8/26/2024,CA95054,315,$636.67 ,2
41048,KY,10/31/2024,CA94538,500,"$1,329.84 ",2
41048,KY,5/10/2024,CA94085,552,$921.79 ,2
53142,WI,6/24/2024,WA98072,1890,"$1,071.98 ",2
53142,WI,12/27/2024,TX78521,676,$418.80 ,2
53142,WI,12/11/2024,TX78521,971,$552.65 ,2
53142,WI,12/4/2024,TX78521,958,$556.84 ,2
17601,PA,7/8/2024,KY41048,2335,$447.83 ,2
H8T3P7,PQ,12/10/2024,PQH3C1S4,416,$560.32 ,2
37931,TN,7/12/2024,OH44145,6572,$657.18 ,2
37931,TN,8/1/2024,OH44145,5620,$799.70 ,2
53142,WI,12/27/2024,KY41048,3216,$627.95 ,2
53142,WI,6/7/2024,KY41048,702,$226.92 ,2
53142,WI,5/31/2024,KY41048,1723,$583.45 ,2
53142,WI,5/6/2024,KY41048,1924,$486.06 ,2
53142,WI,4/9/2024,KY41048,837,$221.63 ,2
53142,WI,3/28/2024,KY41048,2194,$716.15 ,2
53142,WI,3/12/2024,KY41048,2343,$431.94 ,2
53142,WI,2/12/2024,KY41048,2305,$382.57 ,2
53142,WI,1/29/2024,KY41048,2520,$442.78 ,2
41048,KY,7/9/2024,CO80223,180,$536.26 ,2
41048,KY,10/18/2024,CO80129,1114,$563.40 ,2
41048,KY,9/11/2024,CO80129,1461,$649.93 ,2
78501,TX,6/12/2024,TX78521,1061,$223.38 ,2
78501,TX,6/7/2024,TX78521,658,$224.58 ,2
78501,TX,5/29/2024,TX78521,625,$225.10 ,2
78501,TX,5/15/2024,TX78521,4772,$390.04 ,2
78501,TX,5/10/2024,TX78521,3892,$368.78 ,2
78501,TX,4/26/2024,TX78521,6214,$435.55 ,2
78501,TX,4/8/2024,TX78521,4924,$394.51 ,2
78501,TX,3/15/2024,TX78521,8590,$750.01 ,2
78501,TX,10/24/2024,KY41048,5395,"$1,593.95 ",2
78501,TX,6/5/2024,KY41048,6276,"$1,797.29 ",2
78501,TX,5/24/2024,KY41048,2551,$980.34 ,2
78501,TX,5/14/2024,KY41048,7262,"$2,016.70 ",2
78501,TX,5/7/2024,KY41048,2336,$954.70 ,2
78501,TX,5/2/2024,KY41048,3901,"$1,415.38 ",2
78501,TX,2/7/2024,KY41048,2478,"$1,014.45 ",2
17601,PA,9/11/2024,KY41048,696,$385.42 ,2
41048,KY,3/12/2024,CA92653,819,$613.40 ,2
41048,KY,2/15/2024,CA92653,528,$697.00 ,2
41048,KY,1/15/2024,CA92653,1589,"$1,014.18 ",2
41048,KY,11/14/2024,CA92649,433,$764.13 ,2
41048,KY,8/21/2024,CA92335,782,$920.56 ,2
41048,KY,3/4/2024,CA92154,1107,"$1,762.95 ",2
41048,KY,7/26/2024,CA91764,390,"$1,056.28 ",2
41048,KY,10/11/2024,CA91746,1164,$855.46 ,2
41048,KY,7/29/2024,CA91020,435,$994.37 ,2
78501,TX,7/24/2024,TX78521,3050,$255.36 ,2
78501,TX,7/19/2024,TX78521,522,$228.04 ,2
78501,TX,7/9/2024,TX78521,21713,"$2,044.45 ",2
78501,TX,7/2/2024,TX78521,1596,$227.00 ,2
78501,TX,7/1/2024,TX78521,1180,$227.00 ,2
78501,TX,6/27/2024,TX78521,1031,$225.28 ,2
78501,TX,6/13/2024,TX78521,793,$223.38 ,2
41048,KY,7/24/2024,AZ85338,3359,"$1,353.75 ",2
41048,KY,7/12/2024,AZ85338,2393,"$1,115.40 ",2
41048,KY,4/16/2024,AZ85338,1910,"$1,068.68 ",2
78501,TX,10/24/2024,TX78521,1233,$224.24 ,2
78501,TX,10/21/2024,TX78521,1532,$224.76 ,2
78501,TX,9/27/2024,TX78521,4892,$351.44 ,2
78501,TX,9/26/2024,TX78521,1398,$224.06 ,2
78501,TX,9/3/2024,TX78521,910,$225.10 ,2
78501,TX,8/30/2024,TX78521,5759,$389.48 ,2
78501,TX,8/23/2024,TX78521,1930,$225.62 ,2
78501,TX,8/5/2024,TX78521,2379,$239.32 ,2
41048,KY,9/20/2024,CA94080,1466,"$1,131.11 ",2
41048,KY,7/9/2024,CA93030,387,$517.93 ,2
41048,KY,11/11/2024,CA92653,1367,"$1,513.91 ",2
41048,KY,8/27/2024,CA92653,2400,"$1,327.31 ",2
41048,KY,3/15/2024,CA92653,1979,"$1,165.37 ",2
89423,NV,3/29/2024,KY41048,2223,"$1,725.92 ",2
33172,FL,5/24/2024,KY41048,1590,$522.25 ,2
33172,FL,3/21/2024,KY41048,2254,$713.67 ,2
38133,TN,9/30/2024,KY41048,615,$230.74 ,2
78501,TX,12/19/2024,TX78521,7296,$437.58 ,2
78501,TX,12/4/2024,TX78521,684,$223.90 ,2
78501,TX,11/21/2024,TX78521,785,$223.90 ,2
78501,TX,11/5/2024,TX78521,28590,"$1,766.92 ",2
41048,KY,3/4/2024,CA90731,1181,$839.57 ,2
41048,KY,6/10/2024,CA90058,180,$558.58 ,2
41048,KY,12/10/2024,AZ85338,1166,$953.58 ,2
41048,KY,11/1/2024,AZ85338,621,$685.69 ,2
41048,KY,10/24/2024,AZ85338,1063,$678.56 ,2
41048,KY,10/7/2024,AZ85338,1078,$680.46 ,2
41048,KY,9/25/2024,AZ85338,877,$584.08 ,2
41048,KY,8/16/2024,AZ85338,486,$745.21 ,2
37122,TN,10/10/2024,KY41048,1275,$406.27 ,2
37122,TN,5/14/2024,KY41048,834,$353.62 ,2
37122,TN,4/10/2024,KY41048,415,$358.06 ,2
37122,TN,2/28/2024,KY41048,1246,$361.37 ,2
37122,TN,2/2/2024,KY41048,4205,$627.28 ,2
37813,TN,9/12/2024,KY41048,3940,$560.10 ,2
37813,TN,8/27/2024,KY41048,1336,$288.04 ,2
37813,TN,8/14/2024,KY41048,1757,$359.17 ,2
37813,TN,7/26/2024,KY41048,2420,$401.78 ,2
37813,TN,7/12/2024,KY41048,1803,$372.79 ,2
37813,TN,1/23/2024,KY41048,757,$263.40 ,2
7950,NJ,10/17/2024,KY41048,8070,"$1,408.24 ",2
7950,NJ,7/29/2024,KY41048,3925,$877.80 ,2
7950,NJ,6/20/2024,KY41048,1080,$398.42 ,2
7950,NJ,6/14/2024,KY41048,1280,$433.28 ,2
7950,NJ,1/30/2024,KY41048,415,$206.24 ,2
32127,FL,6/13/2024,KY41048,753,$268.70 ,2
75074,TX,11/14/2024,KY41048,744,$317.29 ,2
75074,TX,11/7/2024,KY41048,4111,"$1,242.16 ",2
75074,TX,6/13/2024,KY41048,2451,$731.80 ,2
75074,TX,3/28/2024,KY41048,1885,$647.29 ,2
75074,TX,2/1/2024,KY41048,852,$351.43 ,2
75074,TX,1/4/2024,KY41048,1684,$573.23 ,2
L1W3V9,ON,10/2/2024,ONK8N5A9,280,$263.74 ,2
85009,AZ,12/6/2024,KY41048,4042,"$1,621.94 ",2
32809,FL,10/7/2024,KY41048,3695,$897.00 ,2
30071,GA,10/24/2024,KY41048,529,$263.57 ,2
30071,GA,10/8/2024,KY41048,1536,$550.65 ,2
30071,GA,7/9/2024,KY41048,319,$250.70 ,2
30071,GA,4/23/2024,KY41048,956,$392.93 ,2
30071,GA,2/1/2024,KY41048,829,$716.11 ,2
37122,TN,12/5/2024,KY41048,364,$265.20 ,2
N8W0A7,ON,9/30/2024,MBR3H0L2,388,"$1,171.87 ",2
N8W0A7,ON,4/29/2024,BCV6K3G8,531,"$1,381.48 ",2
N8W0A7,ON,8/2/2024,BCV3K6Y7,176,$533.56 ,2
N8W0A7,ON,6/5/2024,BCV3K6Y7,266,$903.57 ,2
N8W0A7,ON,10/1/2024,BCV2X8G1,190,$535.32 ,2
N8W0A7,ON,8/8/2024,BCV2X8G1,428,$738.81 ,2
N8W0A7,ON,7/8/2024,BCV2X8G1,392,$750.70 ,2
N8W0A7,ON,6/10/2024,BCV2X8G1,1811,"$1,789.40 ",2
N8W0A7,ON,8/8/2024,BCV2S7T9,140,$520.25 ,2
N8W0A7,ON,1/2/2024,ABT6B2R8,348,$599.00 ,2
N8W0A7,ON,11/15/2024,ABT5S0A4,817,$681.18 ,2
N8W0A7,ON,8/14/2024,ABT2C5B3,1596,$777.52 ,2
19090,PA,9/19/2024,KY41048,285,$224.06 ,2
47803,IN,2/23/2024,NH3079,900,$464.64 ,2
92154,CA,3/27/2024,KY41048,2816,$996.45 ,2
32127,FL,9/27/2024,KY41048,898,$300.42 ,2
N8W0A7,ON,10/18/2024,ONK7L2V7,1390,$424.58 ,2
N8W0A7,ON,6/17/2024,ONK7L2V7,211,$285.54 ,2
N8W0A7,ON,5/17/2024,ONK7L2V7,271,$349.62 ,2
N8W0A7,ON,5/23/2024,ONK1T3T8,1496,$428.24 ,2
N8W0A7,ON,5/3/2024,ONK1G4J5,293,$443.35 ,2
N8W0A7,ON,5/30/2024,ONK0K2T0,720,$679.52 ,2
N8W0A7,ON,11/4/2024,ONK0B1L0,801,"$1,405.38 ",2
N8W0A7,ON,9/27/2024,ONK0B1L0,2213,"$1,783.72 ",2
N8W0A7,ON,4/12/2024,ONK0B1L0,2161,"$1,595.25 ",2
N8W0A7,ON,8/6/2024,NSB3B0G3,691,$821.02 ,2
N8W0A7,ON,6/25/2024,NBE3B5B4,758,"$1,120.88 ",2
N8W0A7,ON,12/27/2024,MBR3H0L3,547,$710.34 ,2
N8W0A7,ON,12/13/2024,MBR3H0L3,287,$562.68 ,2
N8W0A7,ON,12/3/2024,MBR3H0L3,916,$870.44 ,2
N8W0A7,ON,10/24/2024,MBR3H0L3,795,"$1,050.60 ",2
N8W0A7,ON,9/9/2024,MBR3H0L3,518,$734.84 ,2
N8W0A7,ON,10/29/2024,ONL3R4H9,1555,$517.61 ,2
N8W0A7,ON,7/29/2024,ONL3R4H9,410,$346.15 ,2
N8W0A7,ON,7/12/2024,ONL3R4H9,712,$413.25 ,2
N8W0A7,ON,4/17/2024,ONL3R4H9,1464,$530.53 ,2
N8W0A7,ON,4/16/2024,ONL3R4H9,601,$407.02 ,2
N8W0A7,ON,1/16/2024,ONL3R4H9,1351,$540.50 ,2
N8W0A7,ON,11/18/2024,ONL3R0E4,1026,$516.41 ,2
N8W0A7,ON,9/12/2024,ONL3R0E4,941,$406.59 ,2
N8W0A7,ON,9/26/2024,ONL1W3V9,280,$347.24 ,2
N8W0A7,ON,5/29/2024,ONL1J7E2,1202,$533.74 ,2
N8W0A7,ON,10/31/2024,ONL0S1J0,597,$447.98 ,2
N8W0A7,ON,8/6/2024,ONL0S1J0,541,$384.79 ,2
N8W0A7,ON,7/8/2024,ONL0S1J0,477,$465.46 ,2
N8W0A7,ON,6/18/2024,ONL0S1J0,553,$455.24 ,2
N8W0A7,ON,4/4/2024,ONL0S1J0,246,$322.62 ,2
N8W0A7,ON,9/27/2024,ONK9J7C6,412,$611.86 ,2
41048,KY,3/12/2024,AZ85226,452,$862.12 ,2
41048,KY,5/14/2024,AZ85203,500,"$1,138.21 ",2
41048,KY,6/3/2024,AZ85041,240,$560.30 ,2
41048,KY,7/3/2024,AZ85034,532,"$1,040.52 ",2
41048,KY,5/30/2024,AL36092,2474,$537.66 ,2
41048,KY,7/17/2024,AL35405,350,$361.56 ,2
54942,WI,9/27/2024,KY41048,6225,"$1,317.36 ",2
54942,WI,6/28/2024,KY41048,2046,$484.20 ,2
54942,WI,1/9/2024,KY41048,2955,$473.94 ,2
54942,WI,12/17/2024,TX78521,1703,"$1,095.09 ",2
54942,WI,12/11/2024,TX78521,2071,"$1,309.47 ",2
N8W0A7,ON,9/4/2024,ONL3R9X4,2825,$757.96 ,2
N8W0A7,ON,8/2/2024,ONL3R9X4,626,$405.75 ,2
N8W0A7,ON,7/24/2024,ONL3R9X4,3238,$879.00 ,2
N8W0A7,ON,1/18/2024,ONL3R9X4,341,$412.98 ,2
N8W0A7,ON,11/6/2024,ONL3R4H9,426,$398.86 ,2
N8W0A7,ON,9/4/2024,ONL3S3J1,297,$349.40 ,2
N8W0A7,ON,8/14/2024,ONL3S3J1,178,$347.32 ,2
N8W0A7,ON,7/30/2024,ONL3S3J1,862,$405.53 ,2
N8W0A7,ON,6/25/2024,ONL3S3J1,5263,"$1,189.89 ",2
N8W0A7,ON,6/13/2024,ONL3S3J1,246,$345.21 ,2
N8W0A7,ON,6/4/2024,ONL3S3J1,3211,$635.92 ,2
N8W0A7,ON,6/3/2024,ONL3S3J1,4921,"$1,127.72 ",2
N8W0A7,ON,4/4/2024,ONL3S3J1,234,$294.17 ,2
N8W0A7,ON,3/12/2024,ONL3S3J1,1148,$482.64 ,2
N8W0A7,ON,1/29/2024,ONL3S3J1,406,$415.18 ,2
N8W0A7,ON,12/30/2024,ONL3R9X4,1965,$509.50 ,2
N8W0A7,ON,12/6/2024,ONL3R9X4,1833,$678.39 ,2
41048,KY,12/27/2024,AZ85284,7772,"$3,563.77 ",2
41048,KY,12/12/2024,AZ85284,1851,$921.18 ,2
41048,KY,7/22/2024,AZ85284,1927,"$1,272.14 ",2
41048,KY,3/14/2024,AZ85226,528,$806.31 ,2
N8W0A7,ON,6/4/2024,ONM1P2L6,1484,$408.54 ,2
N8W0A7,ON,5/30/2024,ONL7T0B7,136,$628.16 ,2
N8W0A7,ON,11/21/2024,ONL6S6H2,1291,$399.17 ,2
N8W0A7,ON,10/2/2024,ONL5T1M7,288,$347.52 ,2
N8W0A7,ON,8/20/2024,ONL5B1M5,273,$362.68 ,2
N8W0A7,ON,6/20/2024,ONL4V1Y8,312,$403.88 ,2
N8W0A7,ON,3/22/2024,ONL4K5B1,646,$415.03 ,2
N8W0A7,ON,4/1/2024,ONL4H2Y7,976,"$1,052.62 ",2
N8W0A7,ON,12/20/2024,ONL3S3J1,3672,$672.41 ,2
N8W0A7,ON,12/19/2024,ONL3S3J1,3804,$660.69 ,2
N8W0A7,ON,11/29/2024,ONL3S3J1,2528,$853.41 ,2
N8W0A7,ON,11/14/2024,ONL3S3J1,629,$340.76 ,2
N8W0A7,ON,10/31/2024,ONL3S3J1,368,$281.02 ,2
N8W0A7,ON,10/23/2024,ONL3S3J1,422,$305.46 ,2
N8W0A7,ON,9/17/2024,ONL3S3J1,496,$403.37 ,2
N8W0A7,ON,9/5/2024,ONL3S3J1,477,$408.14 ,2
N8W0A7,ON,7/16/2024,ONM9W5S6,951,$414.58 ,2
N8W0A7,ON,6/18/2024,ONM9W5S6,632,$403.79 ,2
N8W0A7,ON,6/7/2024,ONM9W5S6,318,$347.23 ,2
N8W0A7,ON,6/6/2024,ONM9W5S6,265,$407.30 ,2
N8W0A7,ON,6/4/2024,ONM9W5S6,2427,"$1,384.16 ",2
N8W0A7,ON,5/21/2024,ONM9W5S6,334,$407.42 ,2
N8W0A7,ON,5/8/2024,ONM9W5S6,615,$349.73 ,2
N8W0A7,ON,3/28/2024,ONM9W5S6,619,$412.88 ,2
N8W0A7,ON,3/14/2024,ONM9W5S6,671,$417.58 ,2
N8W0A7,ON,1/15/2024,ONM9W1N1,509,$415.19 ,2
N8W0A7,ON,4/8/2024,ONM9W1L2,294,$353.77 ,2
N8W0A7,ON,10/17/2024,ONM3B1Y8,354,$403.48 ,2
N8W0A7,ON,8/15/2024,ONM3B1Y8,867,$407.09 ,2
N8W0A7,ON,7/31/2024,ONM3B1Y8,359,$405.32 ,2
N8W0A7,ON,6/20/2024,ONM3B1Y8,645,$403.89 ,2
N8W0A7,ON,8/14/2024,ONM1P2L6,709,$406.89 ,2
30542,GA,10/18/2024,TX78521,898,$415.27 ,2
30542,GA,10/11/2024,TX78521,2922,$979.99 ,2
22602,VA,5/3/2024,VA20153,645,$200.00 ,2
22602,VA,5/8/2024,VA20151,595,$200.00 ,2
97402,OR,11/25/2024,KY41048,5610,"$2,563.25 ",2
79936,TX,11/25/2024,KY41048,3195,"$1,684.37 ",2
79936,TX,10/28/2024,KY41048,1540,$944.37 ,2
79936,TX,6/26/2024,KY41048,1455,$679.56 ,2
79936,TX,4/23/2024,KY41048,3127,"$1,302.36 ",2
92880,CA,11/27/2024,KY41048,848,$801.63 ,2
90221,CA,11/27/2024,KY41048,2972,"$1,358.61 ",2
28273,NC,9/30/2024,KY41048,5467,$814.16 ,2
N8W0A7,ON,9/30/2024,ONM9W5S6,734,$407.12 ,2
N8W0A7,ON,8/26/2024,ONM9W5S6,404,$351.76 ,2
N8W0A7,ON,8/1/2024,ONM9W5S6,470,$405.06 ,2
N8W0A7,ON,7/25/2024,ONM9W5S6,311,$347.82 ,2
38133,TN,1/10/2024,KY41048,1600,$367.99 ,2
N8W0A7,ON,5/14/2024,QCH3E3B3,523,$433.46 ,2
N8W0A7,ON,9/26/2024,PQJ7N1H2,173,$430.25 ,2
N8W0A7,ON,9/12/2024,PQJ4B7W1,560,$359.66 ,2
N8W0A7,ON,7/12/2024,PQJ3V6B9,306,$365.54 ,2
N8W0A7,ON,11/26/2024,PQH7S2E7,386,$423.47 ,2
N8W0A7,ON,9/10/2024,PQH7N1A2,1178,$722.32 ,2
N8W0A7,ON,1/22/2024,PQH7M3L9,846,$689.76 ,2
N8W0A7,ON,11/13/2024,PQH4T2A1,1064,$570.02 ,2
N8W0A7,ON,9/12/2024,PQH4T2A1,456,$432.20 ,2
N8W0A7,ON,8/28/2024,PQH4T2A1,468,$364.90 ,2
N8W0A7,ON,8/15/2024,PQH4T2A1,428,$361.90 ,2
N8W0A7,ON,1/26/2024,PQH4T1A3,489,$439.79 ,2
N8W0A7,ON,6/17/2024,PQH4S1V3,249,$357.17 ,2
N8W0A7,ON,5/3/2024,PQH4S1V3,286,$363.05 ,2
N8W0A7,ON,7/3/2024,PQH1E5Y7,311,$722.08 ,2
N8W0A7,ON,11/15/2024,PQH4P1J3,1044,$423.65 ,2
N8W0A7,ON,11/14/2024,PQH4P1J3,612,$424.30 ,2
N8W0A7,ON,5/10/2024,PQH4P1J3,1320,$581.22 ,2
N8W0A7,ON,11/1/2024,PQH1Z4K6,534,$560.10 ,2
N8W0A7,ON,3/13/2024,PQH1Y0A2,410,$443.93 ,2
N8W0A7,ON,3/15/2024,PQH1J1X7,448,$443.97 ,2
N8W0A7,ON,11/7/2024,PQH1E5Y7,318,$353.59 ,2
N8W0A7,ON,8/23/2024,PQH1E5Y7,277,$506.52 ,2
N8W0A7,ON,8/19/2024,PQH1E5Y7,303,$647.46 ,2
N8W0A7,ON,8/8/2024,PQH1E5Y7,759,$772.70 ,2
N8W0A7,ON,7/8/2024,PQH1E5Y7,340,$509.28 ,2
28273,NC,7/2/2024,KY41048,1394,$387.40 ,2
55306,MN,10/8/2024,KY41048,1656,$635.53 ,2
19061,PA,7/11/2024,MO63146,638,$864.84 ,2
18020,PA,7/10/2024,KY41048,1000,$469.51 ,2
38133,TN,12/5/2024,KY41048,4290,$762.05 ,2
