sZip,sState,WeekNumber,Consolidated_data,Weight,Charge,# Shipments
41048,KY,49,TN37013,22667,"$8,804.70 ",20
53142,WI,37,TX78521,10863,"$6,001.14 ",19
41048,KY,40,IN46738,8226,"$1,796.95 ",14
53142,WI,49,TX78521,10302,"$5,523.89 ",14
53142,WI,32,TX78521,9367,"$5,009.00 ",13
53142,WI,50,TX78521,8267,"$4,571.29 ",13
41048,KY,50,TN37013,15300,"$5,669.75 ",13
53142,WI,34,TX78521,8791,"$4,694.72 ",12
N8W0A7,ON,18,PQG2B0S6,1055,"$3,964.10 ",12
41048,KY,44,TN37013,27361,"$7,661.31 ",12
41048,KY,35,GA30144,2984,"$2,173.33 ",12
53142,WI,36,TX78521,12062,"$5,839.56 ",11
53142,WI,51,TX78521,7174,"$3,978.38 ",11
53142,WI,31,TX78521,4651,"$2,707.85 ",11
41048,KY,37,NV89030,24110,"$13,280.15 ",11
41048,KY,25,NV89030,15016,"$11,498.64 ",11
41048,KY,49,IN46738,3714,"$1,186.50 ",11
41048,KY,51,TN37013,6584,"$3,015.11 ",11
53142,WI,15,TX78521,13374,"$9,029.13 ",11
78501,TX,44,TX78521,17164,"$1,629.36 ",11
78501,TX,43,TX78521,11245,"$1,399.51 ",11
N8W0A7,ON,13,ONL3S3J1,2493,"$2,087.71 ",11
41048,KY,38,NV89030,10973,"$14,984.94 ",10
41048,KY,34,IN46738,2010,"$1,044.00 ",10
41048,KY,23,NV89030,8561,"$6,837.15 ",10
53142,WI,45,TX78521,4717,"$2,854.67 ",10
41048,KY,42,NV89030,11185,"$7,146.97 ",10
41048,KY,47,TN37013,4031,"$2,618.91 ",10
41048,KY,31,NV89030,15360,"$12,920.22 ",10
41048,KY,18,NV89030,12780,"$14,071.04 ",10
41048,KY,4,NV89030,9773,"$14,089.50 ",10
78501,TX,50,TX78521,7510,"$1,121.82 ",10
41048,KY,46,TN37013,13033,"$4,871.32 ",9
N8W0A7,ON,12,PQG2B0S6,1420,"$3,133.55 ",9
41048,KY,20,NV89030,18721,"$10,850.57 ",9
41048,KY,13,IN46738,7260,"$1,365.74 ",9
41048,KY,29,IN46738,9864,"$1,580.12 ",9
41048,KY,10,NV89030,13454,"$6,817.72 ",9
78501,TX,45,TX78521,38519,"$2,754.06 ",9
41048,KY,33,NV89030,13642,"$8,486.26 ",9
41048,KY,26,NV89030,18414,"$10,519.72 ",9
53142,WI,37,FL33025,12346,"$7,811.72 ",9
41048,KY,49,NV89030,7357,"$5,636.22 ",9
53142,WI,40,TX78521,11745,"$4,886.88 ",9
53142,WI,24,TX78521,7472,"$11,403.41 ",9
53142,WI,42,FL33025,8874,"$5,526.04 ",8
41048,KY,17,NV89030,6966,"$5,288.03 ",8
41048,KY,6,NV89030,17359,"$11,319.11 ",8
41048,KY,13,NV89030,12302,"$9,321.62 ",8
41048,KY,1,NV89030,6797,"$6,405.06 ",8
41048,KY,2,NV89030,7651,"$6,206.64 ",8
41048,KY,12,NV89030,8428,"$6,988.51 ",8
N8W0A7,ON,14,ONL3S3J1,2705,"$1,544.45 ",8
41048,KY,35,IN46738,2404,$832.00 ,8
N8W0A7,ON,37,ONL3S3J1,2363,"$1,330.59 ",8
53142,WI,23,TX78521,4729,"$3,469.20 ",8
41048,KY,46,NV89030,8222,"$4,464.35 ",8
41048,KY,28,NV89030,29614,"$10,709.60 ",8
41048,KY,34,NV89030,9001,"$7,224.93 ",8
41048,KY,40,NV89030,21916,"$59,764.07 ",8
N8W0A7,ON,36,ONL3R9X4,8740,"$2,603.93 ",8
41048,KY,33,AZ85338,1666,"$2,484.39 ",8
41048,KY,15,NV89030,20291,"$21,111.14 ",8
41048,KY,44,NV89030,7055,"$7,047.57 ",7
53142,WI,38,TX78521,5354,"$2,783.05 ",7
41048,KY,45,FL33025,22927,"$7,484.42 ",7
41048,KY,30,NV89119,12168,"$5,541.42 ",7
53142,WI,32,FL33025,10109,"$5,566.33 ",7
53142,WI,6,TX78521,12389,"$7,925.65 ",7
53142,WI,41,TX78521,7943,"$4,288.89 ",7
41048,KY,45,TN37013,3325,"$1,961.42 ",7
53142,WI,47,TX78521,3855,"$2,215.03 ",7
41048,KY,7,IN46818,7240,"$1,066.66 ",7
78501,TX,7,KY41048,44675,"$9,486.73 ",7
41048,KY,35,NV89030,9422,"$6,148.01 ",7
N8W0A7,ON,26,ONL3S3J1,7625,"$2,214.47 ",7
53142,WI,46,TX78521,2802,"$1,737.19 ",7
78501,TX,19,KY41048,13068,"$4,326.62 ",7
41048,KY,33,IN46738,3698,$855.33 ,7
41048,KY,37,IL60642,12168,"$1,920.58 ",7
41048,KY,16,IL60133,6558,"$1,765.26 ",7
41048,KY,26,IN46738,3672,$865.11 ,7
78501,TX,17,TX78521,8307,"$1,009.21 ",7
78501,TX,24,TX78521,6404,$944.92 ,7
41048,KY,23,IN46738,4298,$887.84 ,7
41048,KY,16,NV89030,19237,"$12,384.62 ",7
41048,KY,3,NV89030,7650,"$5,237.61 ",7
41048,KY,5,NV89030,8702,"$7,001.12 ",7
41048,KY,7,NV89030,11306,"$6,269.98 ",7
41048,KY,32,NV89030,5657,"$5,066.83 ",7
41048,KY,47,NV89030,13753,"$7,414.33 ",7
41048,KY,39,TN37013,9869,"$1,544.72 ",7
41048,KY,47,NV89119,9997,"$3,760.95 ",7
41048,KY,48,TN37013,3911,"$2,081.58 ",7
41048,KY,26,TN37013,3271,"$1,053.97 ",6
41048,KY,31,FL33025,15074,"$4,970.44 ",6
41048,KY,8,FL33025,12380,"$4,616.77 ",6
41048,KY,11,NV89030,9756,"$6,110.78 ",6
41048,KY,9,NV89030,10621,"$6,006.87 ",6
78501,TX,51,TX78521,11812,$988.78 ,6
78501,TX,39,TX78521,7782,$799.56 ,6
41048,KY,43,TN37013,5387,"$1,693.48 ",6
41048,KY,20,FL33025,11524,"$4,325.11 ",6
41048,KY,25,FL33025,15506,"$5,150.18 ",6
41048,KY,26,FL33025,19080,"$5,872.51 ",6
41048,KY,27,NV89030,19871,"$9,368.50 ",6
41048,KY,24,NV89030,8573,"$4,791.19 ",6
41048,KY,22,NV89030,13490,"$8,847.15 ",6
41048,KY,21,NV89030,7577,"$5,797.79 ",6
41048,KY,30,NV89030,6253,"$3,127.84 ",6
41048,KY,50,AZ85338,2542,"$1,975.08 ",6
41048,KY,4,WI53142,7729,"$1,558.05 ",6
41048,KY,30,WI53142,5583,"$1,355.95 ",6
78501,TX,21,KY41048,27652,"$7,825.95 ",6
41048,KY,35,FL33025,15370,"$5,132.21 ",6
78501,TX,49,TX78521,6906,$802.07 ,6
53142,WI,12,TX78521,12946,"$13,444.27 ",6
41048,KY,37,NC27215,9211,"$1,790.32 ",6
41048,KY,18,IL60133,2116,$846.95 ,6
41048,KY,26,IL60133,2512,$697.57 ,6
41048,KY,8,IL60133,1944,$886.36 ,6
41048,KY,25,IN46738,3613,$782.30 ,6
41048,KY,20,IN46738,2375,$656.24 ,6
41048,KY,18,IN46738,3282,$706.48 ,6
N8W0A7,ON,23,ONM9W5S6,3010,"$2,138.69 ",6
41048,KY,39,NV89030,13199,"$11,741.27 ",6
41048,KY,41,NV89030,7071,"$3,839.22 ",6
41048,KY,43,NV89030,11157,"$5,129.68 ",6
53142,WI,52,TX78521,2876,"$1,692.15 ",6
41048,KY,44,FL33025,14454,"$5,244.36 ",6
53142,WI,42,TX78521,2476,"$1,455.81 ",6
53142,WI,33,FL33025,10439,"$5,660.81 ",6
41048,KY,16,TN37013,6861,"$1,272.02 ",6
41048,KY,4,FL33025,16171,"$5,014.41 ",6
41048,KY,34,TX76137,17459,"$4,355.94 ",6
41048,KY,40,NY13760,2329,"$2,369.71 ",6
41048,KY,10,FL33025,10709,"$4,114.05 ",6
N8W0A7,ON,21,ONL3S3J1,804,"$1,041.24 ",6
N8W0A7,ON,38,ONL3R9X4,4630,"$1,626.24 ",6
41048,KY,45,NV89030,4634,"$2,942.83 ",6
53142,WI,29,FL33025,5967,"$4,676.86 ",6
53142,WI,21,FL33025,6880,"$5,022.67 ",6
53142,WI,25,FL33025,3186,"$3,138.17 ",6
78501,TX,10,TX78521,9494,$912.26 ,6
78501,TX,47,TX78521,9995,$938.88 ,6
41048,KY,29,NV89030,6756,"$3,899.95 ",6
41048,KY,40,FL33025,15146,"$5,291.07 ",6
41048,KY,3,FL33025,17408,"$5,733.02 ",6
41048,KY,51,FL33025,18050,"$6,204.78 ",6
41048,KY,51,IN46738,1973,$667.08 ,6
78501,TX,6,TX78521,6852,$819.81 ,6
78501,TX,6,KY41048,7160,"$2,816.46 ",6
78501,TX,23,TX78521,13816,"$1,805.50 ",6
78501,TX,41,TX78521,8000,$840.53 ,6
41048,KY,12,IN46738,2583,$694.99 ,6
41048,KY,38,IN46738,3364,$748.14 ,6
78501,TX,20,TX78521,9518,"$1,111.59 ",6
N8W0A7,ON,23,ONL3S3J1,8502,"$2,171.16 ",6
78501,TX,30,TX78521,4495,$710.15 ,6
N8W0A7,ON,28,ONL3S3J1,1416,"$1,123.76 ",6
41048,KY,28,FL33025,17154,"$5,617.56 ",5
41048,KY,12,NY13760,1648,"$1,621.88 ",5
41048,KY,29,FL33025,11053,"$3,690.04 ",5
41048,KY,30,FL33025,15572,"$5,277.54 ",5
41048,KY,32,FL33025,11766,"$4,054.06 ",5
41048,KY,16,FL33025,14347,"$4,709.96 ",5
41048,KY,15,FL33025,12263,"$4,426.55 ",5
41048,KY,17,FL33025,11959,"$4,096.95 ",5
41048,KY,18,FL33025,11872,"$3,952.58 ",5
N8W0A7,ON,36,ONL3S3J1,1282,$962.23 ,5
41048,KY,31,TX75214,888,$942.80 ,5
41048,KY,36,NV89030,9808,"$7,173.56 ",5
N8W0A7,ON,32,BCV2X8G1,1505,"$2,088.24 ",5
41048,KY,24,IN46738,2641,$612.44 ,5
79936,TX,17,KY41048,6972,"$2,949.52 ",5
41048,KY,19,IN46738,1685,$530.00 ,5
53142,WI,22,TX78521,2855,"$2,163.85 ",5
41048,KY,50,FL33025,9618,"$3,734.40 ",5
41048,KY,49,FL33025,18246,"$5,714.16 ",5
41048,KY,47,FL33025,9961,"$3,846.79 ",5
41048,KY,46,FL33025,13335,"$4,960.74 ",5
41048,KY,43,FL33025,14120,"$4,553.75 ",5
41048,KY,42,FL33025,10222,"$3,778.06 ",5
41048,KY,41,FL33025,14926,"$5,183.97 ",5
53142,WI,28,TX78521,1923,"$1,579.43 ",5
41048,KY,13,IL60173,1765,$580.98 ,5
53142,WI,10,TX78521,2910,"$2,236.15 ",5
41048,KY,1,FL33025,8534,"$3,294.53 ",5
41048,KY,49,NY13760,4100,"$3,218.46 ",5
N8W0A7,ON,17,ONL6S6H2,1663,"$1,033.31 ",5
41048,KY,25,TN38118,9274,"$1,889.60 ",5
41048,KY,37,FL33025,13893,"$4,439.62 ",5
41048,KY,38,FL33025,8848,"$2,946.23 ",5
41048,KY,33,FL33025,23098,"$6,639.75 ",5
41048,KY,34,FL33025,12298,"$4,138.10 ",5
41048,KY,36,FL33025,10866,"$3,573.63 ",5
41048,KY,30,CO80129,2851,"$1,896.77 ",5
41048,KY,23,FL33025,10048,"$3,405.44 ",5
41048,KY,24,FL33025,14063,"$4,528.06 ",5
41048,KY,17,IN46738,2411,$561.24 ,5
7950,NJ,5,KY41048,1415,$809.06 ,5
41048,KY,19,FL33025,15519,"$5,059.04 ",5
41048,KY,21,FL33025,13001,"$4,747.68 ",5
41048,KY,8,NV89030,6601,"$4,335.31 ",5
41048,KY,14,NV89030,5230,"$4,486.71 ",5
41048,KY,37,WA98052,2883,"$3,388.93 ",5
41048,KY,31,WA98052,819,"$1,479.62 ",5
38133,TN,46,KY41048,15171,"$2,391.29 ",5
53142,WI,46,FL33025,10863,"$7,918.62 ",5
78501,TX,35,TX78521,13028,$946.07 ,5
79936,TX,26,KY41048,5435,"$2,277.58 ",5
78501,TX,28,TX78521,24023,"$2,407.63 ",5
53142,WI,44,TX78521,5370,"$2,722.84 ",5
41048,KY,11,AZ85226,1060,"$1,923.41 ",5
78501,TX,33,TX78521,8304,$736.48 ,5
41048,KY,24,MA1460,4801,"$1,923.82 ",5
78501,TX,19,TX78521,5982,$710.92 ,5
41048,KY,5,IN46818,2784,$597.17 ,5
41048,KY,41,KY41048,2639,$449.75 ,5
41048,KY,52,OH44145,5059,"$1,122.51 ",5
78501,TX,20,KY41048,16092,"$4,763.06 ",5
53142,WI,52,KY41048,4475,"$1,024.65 ",5
41048,KY,19,NV89030,10967,"$5,686.75 ",5
53142,WI,9,KY41048,4501,$998.70 ,5
41048,KY,8,AZ85338,4004,"$2,330.88 ",5
41048,KY,11,FL33025,11146,"$3,835.62 ",5
41048,KY,12,FL33025,12296,"$4,475.49 ",5
41048,KY,37,NY13760,2341,"$2,603.11 ",5
41048,KY,50,NV89030,9714,"$5,847.16 ",5
78501,TX,9,KY41048,8982,"$3,387.83 ",5
41048,KY,9,FL33025,11976,"$4,412.07 ",5
41048,KY,39,FL33025,14751,"$4,747.41 ",5
41048,KY,5,FL33025,12848,"$4,405.31 ",5
41048,KY,8,TN37013,3477,$703.55 ,4
41048,KY,2,FL33025,12287,"$3,947.46 ",4
41048,KY,6,FL33025,7972,"$2,897.41 ",4
41048,KY,38,NY13760,1329,"$1,444.05 ",4
38133,TN,49,KY41048,8812,"$1,569.85 ",4
38133,TN,50,KY41048,14746,"$2,138.82 ",4
38133,TN,51,KY41048,10523,"$1,612.87 ",4
18020,PA,13,KY41048,1713,$691.40 ,4
41048,KY,51,NV89030,1947,"$1,668.55 ",4
41048,KY,52,NV89030,5173,"$3,701.81 ",4
53142,WI,39,FL33025,2404,"$1,919.41 ",4
53142,WI,40,FL33025,4654,"$4,333.63 ",4
N8W0A7,ON,25,PQH4S1V3,2067,$932.74 ,4
N8W0A7,ON,34,PQH1E5Y7,580,"$1,153.98 ",4
N8W0A7,ON,27,PQG5Y3X6,709,"$1,846.03 ",4
N8W0A7,ON,35,ONM9W5S6,2713,$764.75 ,4
41048,KY,51,PA18109,1148,$697.42 ,4
78501,TX,11,TX78521,10600,$979.88 ,4
78501,TX,14,TX78521,3842,$556.92 ,4
78501,TX,10,KY41048,19181,"$3,914.74 ",4
78501,TX,14,KY41048,10144,"$3,008.41 ",4
37931,TN,31,OH44145,9901,"$1,434.14 ",4
41048,KY,31,IL60642,1946,$627.94 ,4
41048,KY,34,IL60642,7217,"$1,330.87 ",4
41048,KY,35,IL60642,5893,$988.46 ,4
41048,KY,36,IL60642,800,$482.00 ,4
78501,TX,18,KY41048,16675,"$4,936.01 ",4
78501,TX,23,KY41048,7897,"$2,466.34 ",4
53142,WI,3,KY41048,3224,$799.67 ,4
41048,KY,30,CA92503,655,"$1,478.37 ",4
53142,WI,5,KY41048,6743,"$1,058.67 ",4
41048,KY,43,OH44460,2301,$519.15 ,4
41048,KY,6,OH44145,6049,$898.03 ,4
41048,KY,51,OH44145,4094,$996.93 ,4
41048,KY,22,GA30349,1593,$524.63 ,4
41048,KY,6,MI49512,2868,"$1,356.38 ",4
53142,WI,10,KY41048,3039,$618.98 ,4
53142,WI,22,KY41048,2503,$919.67 ,4
41048,KY,14,IN46738,1750,$433.90 ,4
41048,KY,15,IN46738,1961,$466.55 ,4
78501,TX,22,TX78521,1649,$450.20 ,4
78501,TX,5,TX78521,5759,$546.69 ,4
53142,WI,14,FL33025,6741,"$4,982.23 ",4
53142,WI,23,FL33025,5791,"$4,020.72 ",4
53142,WI,5,FL33025,4915,"$3,822.56 ",4
N8W0A7,ON,42,ONL3S3J1,1066,$687.09 ,4
N8W0A7,ON,51,ONL3S3J1,7476,"$1,333.10 ",4
38133,TN,45,KY41048,9277,"$1,629.22 ",4
78501,TX,42,TX78521,11157,$822.92 ,4
78501,TX,16,KY41048,18246,"$4,955.50 ",4
41048,KY,37,IN46738,1612,$484.28 ,4
41048,KY,39,IN46738,1427,$411.20 ,4
41048,KY,41,IN46738,2619,$540.37 ,4
41048,KY,42,IN46738,1634,$419.29 ,4
41048,KY,44,IN46738,1369,$443.05 ,4
N8W0A7,ON,38,ONL3S3J1,1169,$747.62 ,4
N8W0A7,ON,16,ONL3R4H9,2065,$937.55 ,4
N8W0A7,ON,31,ONL3R4H9,879,$738.61 ,4
N8W0A7,ON,1,ONL0S1J0,1173,$878.60 ,4
N8W0A7,ON,14,ONL0S1J0,808,$719.11 ,4
76177,TX,4,TX78521,1215,$543.70 ,4
78501,TX,32,TX78521,4872,$487.87 ,4
78501,TX,34,TX78521,2846,$451.60 ,4
78501,TX,25,TX78521,7217,$714.92 ,4
78501,TX,27,TX78521,2776,$454.00 ,4
78501,TX,29,TX78521,1507,$456.43 ,4
N8W0A7,ON,22,ONL3S3J1,571,$753.32 ,4
N8W0A7,ON,31,ONL3S3J1,1100,$751.64 ,4
N8W0A7,ON,33,ONL3S3J1,649,$694.80 ,4
N8W0A7,ON,35,ONL3S3J1,2552,$951.68 ,4
53142,WI,21,TX78521,2004,"$1,550.31 ",4
41048,KY,27,IN46738,1254,$436.45 ,4
41048,KY,50,IL62025,6338,$977.61 ,4
N8W0A7,ON,49,ONL3R9X4,2509,"$1,070.29 ",4
N8W0A7,ON,11,ONL3S3J1,2481,"$1,026.31 ",4
N8W0A7,ON,18,ONL3S3J1,853,$764.08 ,4
N8W0A7,ON,31,MBR3H0L3,2049,"$1,806.66 ",4
N8W0A7,ON,49,MBR3H0L3,1765,"$1,753.67 ",4
79936,TX,21,KY41048,7503,"$3,033.86 ",4
79936,TX,25,KY41048,4637,"$1,942.10 ",4
41048,KY,5,CO80129,3499,"$1,636.05 ",4
41048,KY,17,CO80129,2171,"$1,914.30 ",4
41048,KY,11,CA92653,2798,"$1,778.77 ",4
41048,KY,48,FL33025,13787,"$4,395.69 ",4
53142,WI,9,TX78521,6709,"$4,386.02 ",4
78501,TX,40,TX78521,5263,$582.47 ,4
41048,KY,40,NC27410,6581,"$1,299.11 ",4
41048,KY,41,IL62025,3893,$739.91 ,4
41048,KY,46,IL60173,2695,$608.95 ,4
41048,KY,19,IL60133,2354,$859.28 ,4
41048,KY,48,IL60133,2124,$831.01 ,4
78501,TX,48,TX78521,10607,$736.35 ,4
41048,KY,16,IN46738,1640,$452.83 ,4
53142,WI,11,TX78521,4763,"$3,250.85 ",4
53142,WI,43,FL33025,3056,"$2,234.39 ",4
53142,WI,50,FL33025,6570,"$3,591.90 ",4
53142,WI,5,TX78521,7154,"$4,484.23 ",4
53142,WI,31,FL33025,4583,"$2,690.47 ",4
41048,KY,43,WI53142,8260,"$1,578.36 ",4
41048,KY,21,WA98052,647,"$1,230.89 ",4
41048,KY,34,WA98052,2613,"$2,517.34 ",4
41048,KY,24,TX77340,480,$519.56 ,4
79936,TX,39,KY41048,6173,"$2,403.65 ",4
79936,TX,43,KY41048,5111,"$2,069.00 ",4
79936,TX,46,KY41048,4780,"$2,028.25 ",4
79936,TX,47,KY41048,5200,"$2,181.98 ",4
30071,GA,28,KY41048,976,$547.11 ,4
78501,TX,38,TX78521,8744,$707.16 ,4
38133,TN,35,KY41048,10136,"$1,668.27 ",4
41048,KY,47,TN38118,1531,$513.91 ,4
41048,KY,7,TX75062,7027,"$2,198.50 ",4
41048,KY,30,NY10509,2363,$977.36 ,4
41048,KY,31,NY10509,1536,$748.08 ,4
41048,KY,38,TN37013,3975,$745.90 ,4
N8W0A7,ON,48,ONL0S1J0,1206,$828.29 ,4
41048,KY,24,TX77563,320,$519.56 ,4
41048,KY,30,TX77563,320,$524.40 ,4
41048,KY,27,FL33025,6472,"$2,420.51 ",4
41048,KY,13,FL33025,8310,"$3,030.13 ",4
41048,KY,24,TN37013,2703,$697.27 ,4
41048,KY,20,NY13760,938,"$1,040.87 ",4
41048,KY,30,NY13760,2322,"$2,497.37 ",4
41048,KY,28,TN37013,1646,$897.47 ,4
N8W0A7,ON,37,ONM9W5S6,1338,$754.13 ,4
38133,TN,10,KY41048,4026,$861.65 ,4
41048,KY,29,TN37013,1049,$682.24 ,4
N8W0A7,ON,46,PQH4P1J3,1656,$847.95 ,4
N8W0A7,ON,33,PQH4T2A1,1165,$726.40 ,3
78753,TX,13,KY41048,875,$515.09 ,3
N8W0A7,ON,11,PQH1Y0A2,508,$591.38 ,3
N8W0A7,ON,19,PQH4P1J3,1427,$725.62 ,3
N8W0A7,ON,3,PQH4S1V3,1217,$660.78 ,3
N8W0A7,ON,18,PQH4S1V3,1797,$744.26 ,3
N8W0A7,ON,3,PQH4T2A1,2197,"$1,726.64 ",3
N8W0A7,ON,15,PQH1E5Y7,1172,$862.12 ,3
N8W0A7,ON,27,PQH1E5Y7,517,"$1,083.78 ",3
N8W0A7,ON,28,PQH1E5Y7,390,$799.14 ,3
41048,KY,28,PA18109,901,$535.56 ,3
41048,KY,4,PA19082,635,$928.73 ,3
41048,KY,26,NY13748,811,$372.56 ,3
38133,TN,12,KY41048,12778,"$1,860.41 ",3
38133,TN,5,KY41048,4988,$885.22 ,3
38133,TN,4,KY41048,20432,"$2,536.47 ",3
38133,TN,2,KY41048,2981,$643.48 ,3
78753,TX,35,KY41048,1288,$530.12 ,3
78753,TX,28,KY41048,1125,$595.25 ,3
N8W0A7,ON,51,ONN6N1E4,607,$456.23 ,3
N8W0A7,ON,51,ONM9W5S6,889,$530.11 ,3
N8W0A7,ON,40,ONM9W5S6,1206,$610.67 ,3
41048,KY,42,TN37013,1200,$671.96 ,3
41048,KY,32,TN37013,675,$508.56 ,3
41048,KY,30,TN37013,2443,$580.08 ,3
41048,KY,11,TX75074,1357,$650.48 ,3
41048,KY,44,NY10509,737,$530.81 ,3
41048,KY,7,NY10017,1861,"$1,546.45 ",3
N8W0A7,ON,40,ONL5T1M7,799,$551.07 ,3
53142,WI,35,TX78521,2313,"$1,195.47 ",3
53142,WI,33,TX78521,1612,$927.56 ,3
53142,WI,30,TX78521,994,$610.80 ,3
53142,WI,29,TX78521,1354,$798.01 ,3
53142,WI,18,TX78521,1880,"$1,415.91 ",3
53142,WI,17,TX78521,6327,"$9,661.13 ",3
53142,WI,8,TX78521,1925,"$1,689.32 ",3
53142,WI,7,TX78521,4248,"$2,837.53 ",3
41048,KY,44,CT6611,270,$538.83 ,3
41048,KY,46,CO80129,1305,$786.28 ,3
41048,KY,42,CO80129,1521,$811.73 ,3
41048,KY,7,FL33025,4893,"$2,049.86 ",3
53142,WI,33,TN37013,2752,$769.27 ,3
53142,WI,24,TN37013,6789,"$1,429.32 ",3
53142,WI,48,FL33025,4829,"$2,594.89 ",3
53142,WI,47,FL33025,1379,"$1,183.01 ",3
53142,WI,26,TX78521,1366,"$1,089.10 ",3
41048,KY,31,CA92503,3811,"$2,193.85 ",3
41048,KY,26,CA92154,630,$968.91 ,3
53142,WI,43,TX78521,2036,"$1,133.87 ",3
41048,KY,23,CA90058,270,$837.87 ,3
53142,WI,26,FL33025,3130,"$2,622.08 ",3
53142,WI,24,FL33025,3025,"$2,412.79 ",3
53142,WI,19,FL33025,4705,"$3,273.10 ",3
53142,WI,18,FL33025,2943,"$2,361.57 ",3
53142,WI,15,FL33025,2526,"$2,142.95 ",3
53142,WI,11,FL33025,4739,"$3,471.66 ",3
53142,WI,10,FL33025,4900,"$4,439.30 ",3
41048,KY,52,FL33025,7009,"$2,631.05 ",3
41048,KY,38,CA94080,1781,"$1,495.39 ",3
41048,KY,46,CA92653,1940,"$2,095.37 ",3
41048,KY,7,CA92653,949,"$1,035.18 ",3
41048,KY,16,NJ8401,1350,"$1,314.44 ",3
41048,KY,29,MN56031,893,$364.73 ,3
41048,KY,8,GA30349,1089,$415.87 ,3
41048,KY,39,IL60642,2911,$639.22 ,3
41048,KY,4,OH44460,3303,$524.61 ,3
41048,KY,47,OH44145,2238,$387.23 ,3
41048,KY,9,OH44145,4027,$665.93 ,3
41048,KY,51,OH44460,5449,$698.56 ,3
41048,KY,50,OH44460,2756,$481.36 ,3
41048,KY,49,OH44460,3331,$543.13 ,3
41048,KY,47,OH44460,2487,$451.37 ,3
41048,KY,41,OH44460,1539,$339.78 ,3
41048,KY,32,GA30005,1698,$443.48 ,3
41048,KY,1,WI53209,822,$335.14 ,3
53142,WI,7,FL33025,5935,"$4,460.53 ",3
53142,WI,6,FL33025,6713,"$4,345.03 ",3
41048,KY,44,AZ85338,1217,"$1,146.06 ",3
41048,KY,41,AZ85338,1438,$947.10 ,3
41048,KY,31,AZ85338,830,$751.49 ,3
41048,KY,30,AZ85338,3805,"$1,651.47 ",3
53142,WI,19,KY41048,2352,$600.86 ,3
53142,WI,11,KY41048,3230,$603.22 ,3
53142,WI,7,KY41048,2764,$494.64 ,3
53142,WI,6,KY41048,4918,"$1,198.32 ",3
78501,TX,8,KY41048,10666,"$3,296.95 ",3
41048,KY,14,MI49423,3513,$822.02 ,3
41048,KY,35,MN55437,2536,$901.50 ,3
41048,KY,32,MN55379,871,$393.00 ,3
41048,KY,44,MN55344,353,$309.60 ,3
41048,KY,26,MN55344,512,$419.50 ,3
41048,KY,28,OH43125,1997,$353.60 ,3
41048,KY,13,NY13413,3894,$918.33 ,3
17601,PA,37,KY41048,1946,$578.02 ,3
17601,PA,28,KY41048,2951,$618.11 ,3
41048,KY,12,AZ85338,2573,"$1,409.27 ",3
41048,KY,50,AZ85284,2781,"$1,391.26 ",3
41048,KY,23,AZ85284,4683,"$3,303.12 ",3
41048,KY,30,CA91020,730,"$1,311.61 ",3
78501,TX,17,KY41048,4592,"$1,829.57 ",3
41048,KY,50,IN46738,845,$308.40 ,3
41048,KY,52,KY41048,1495,$285.71 ,3
41048,KY,51,KY41048,2892,$314.00 ,3
41048,KY,50,KY41048,3514,$361.69 ,3
41048,KY,45,KY41048,3101,$323.03 ,3
41048,KY,40,KY41048,1187,$275.49 ,3
41048,KY,27,KY41048,1040,$275.10 ,3
41048,KY,50,MI48084,2706,$484.15 ,3
41048,KY,35,MI49512,466,$312.00 ,3
41048,KY,28,AZ85338,2830,"$1,414.03 ",3
78501,TX,9,TX78521,9070,$710.54 ,3
78501,TX,8,TX78521,2842,$368.01 ,3
78501,TX,7,TX78521,4161,$430.77 ,3
78501,TX,4,TX78521,6446,$603.75 ,3
41048,KY,32,IN46738,1074,$353.73 ,3
41048,KY,31,IN46738,673,$314.40 ,3
41048,KY,25,IN46738,5919,$779.05 ,3
41048,KY,52,IL60642,2205,$536.66 ,3
41048,KY,51,IL60642,1808,$479.94 ,3
41048,KY,50,IL60642,1374,$429.90 ,3
41048,KY,46,IL60642,1657,$435.10 ,3
41048,KY,31,MD21224,1554,$621.22 ,3
41048,KY,12,IN46818,1531,$359.72 ,3
41048,KY,11,IN46818,2164,$382.00 ,3
78501,TX,4,KY41048,2499,"$1,073.40 ",3
54942,WI,50,TX78521,2586,"$1,678.42 ",3
54942,WI,46,TX78521,3690,"$2,305.67 ",3
54942,WI,36,TX78521,4967,"$2,883.22 ",3
54942,WI,28,TX78521,3295,"$2,615.66 ",3
78501,TX,3,TX78521,7018,$554.39 ,3
78501,TX,13,TX78045,2812,$514.57 ,3
78501,TX,47,KY41048,11040,"$3,354.87 ",3
43125,OH,19,FL33025,979,"$1,252.95 ",3
54942,WI,17,KY41048,7411,"$1,791.06 ",3
54942,WI,2,KY41048,4270,$725.04 ,3
78501,TX,26,TX78521,4085,$451.16 ,3
41048,KY,45,IN46738,1084,$318.54 ,3
41048,KY,17,LA71111,1529,$540.96 ,3
41048,KY,36,IN46738,634,$312.00 ,3
41048,KY,27,AZ85034,789,"$1,543.18 ",3
41048,KY,29,AL35405,486,$542.34 ,3
78501,TX,36,TX78521,1384,$337.39 ,3
78501,TX,31,TX78521,4376,$373.59 ,3
54942,WI,1,TX78521,1740,"$1,423.00 ",3
54942,WI,51,TX78521,3287,"$2,039.71 ",3
89423,NV,13,KY41048,2563,"$2,122.67 ",3
33172,FL,21,KY41048,1782,$653.45 ,3
38133,TN,40,KY41048,840,$346.07 ,3
78501,TX,52,TX78521,9037,$642.74 ,3
41048,KY,39,IN46168,2124,$377.59 ,3
41048,KY,19,IN46168,2215,$451.12 ,3
41048,KY,44,IL62025,4455,$580.54 ,3
41048,KY,13,ME4102,840,$679.39 ,3
41048,KY,43,MD21224,788,$621.95 ,3
78501,TX,18,TX78521,4277,$450.13 ,3
78501,TX,15,TX78521,5281,$509.74 ,3
78501,TX,46,TX78521,6039,$508.14 ,3
41048,KY,45,NC27713,4256,$876.57 ,3
41048,KY,32,NC27703,704,$380.12 ,3
41048,KY,16,NC27703,642,$374.78 ,3
41048,KY,47,NM87505,1416,"$1,195.90 ",3
41048,KY,47,IL60133,1581,$376.40 ,3
41048,KY,27,IL60133,1919,$515.13 ,3
41048,KY,21,IL60133,1045,$494.14 ,3
41048,KY,38,IL60173,1071,$326.37 ,3
41048,KY,30,IL60169,2219,$457.19 ,3
41048,KY,14,IL60143,1004,$322.36 ,3
41048,KY,18,NC27409,1552,$501.42 ,3
41048,KY,24,NC27215,628,$377.22 ,3
41048,KY,23,NC27215,3759,$753.02 ,3
41048,KY,45,IL61602,445,$309.60 ,3
41048,KY,37,IL60561,1820,$512.77 ,3
41048,KY,50,IL60173,2303,$434.73 ,3
37813,TN,4,KY41048,866,$417.52 ,3
37122,TN,38,KY41048,949,$523.43 ,3
33309,FL,43,KY41048,1882,$644.23 ,3
30542,GA,44,TX78521,2678,$984.68 ,3
54942,WI,9,TX78521,5236,"$3,840.37 ",3
37122,TN,20,KY41048,2418,$865.16 ,3
37122,TN,16,KY41048,1482,$447.52 ,3
37122,TN,13,KY41048,2510,$721.06 ,3
37122,TN,3,KY41048,1291,$486.03 ,3
30071,GA,32,KY41048,687,$374.82 ,3
41048,KY,13,IL60133,2069,$765.07 ,3
41048,KY,12,IL60133,1763,$451.94 ,3
41048,KY,4,IL60133,3368,$561.06 ,3
41048,KY,41,IL60084,1088,$316.52 ,3
41048,KY,33,IL60084,3341,$629.31 ,3
41048,KY,50,IL60133,2411,$484.52 ,3
32809,FL,41,KY41048,4753,"$1,186.30 ",3
32809,FL,39,KY41048,2475,$749.09 ,3
32809,FL,5,KY41048,4426,"$1,164.90 ",3
79936,TX,50,KY41048,5583,"$2,261.40 ",3
79936,TX,49,KY41048,1659,$853.16 ,3
79936,TX,44,KY41048,2795,"$1,495.62 ",3
75074,TX,28,KY41048,1769,$633.49 ,3
N8W0A7,ON,49,BCV2X8G1,1687,"$1,373.38 ",3
41048,KY,28,WA98032,4102,"$2,247.73 ",3
41048,KY,18,VA22030,1084,$533.03 ,3
41048,KY,40,WA98052,962,"$1,045.88 ",3
41048,KY,36,WA98052,2387,"$1,592.57 ",3
41048,KY,1,NJ8701,5128,"$1,054.75 ",3
41048,KY,19,NC28645,704,$396.93 ,3
41048,KY,4,WI53142,8222,"$1,279.88 ",3
37813,TN,20,KY41048,5825,$775.41 ,3
N8W0A7,ON,25,ONL0S1J0,721,$682.86 ,3
N8W0A7,ON,37,ONK7L2V7,456,$551.36 ,3
N8W0A7,ON,28,ONK7L2V7,978,$622.02 ,3
N8W0A7,ON,46,BCV2X8G1,633,"$1,317.15 ",3
N8W0A7,ON,52,MBR3H0L3,822,"$1,062.07 ",3
79936,TX,24,KY41048,3232,"$1,307.07 ",3
79936,TX,23,KY41048,3920,"$1,646.48 ",3
79936,TX,20,KY41048,3218,"$1,388.79 ",3
79936,TX,10,KY41048,3022,"$1,353.30 ",3
79936,TX,8,KY41048,4118,"$1,696.01 ",3
79936,TX,4,KY41048,5238,"$2,017.79 ",3
N8W0A7,ON,48,MBR3H0L3,701,$921.78 ,3
N8W0A7,ON,37,MBR3H0L3,707,"$1,101.91 ",3
30071,GA,17,KY41048,1434,$523.62 ,3
30071,GA,10,KY41048,675,$359.45 ,3
37122,TN,41,KY41048,2275,$584.02 ,3
N8W0A7,ON,3,ONL3R4H9,2275,$748.09 ,3
N8W0A7,ON,45,ONL3R4H9,749,$598.73 ,3
N8W0A7,ON,16,ONL3S3J1,881,$550.14 ,3
75006,TX,10,KY41048,2020,$768.99 ,3
N8W0A7,ON,12,ONL3S3J1,2901,$914.27 ,3
N8W0A7,ON,5,ONL3S3J1,804,$622.93 ,3
N8W0A7,ON,3,ONL3S3J1,817,$619.94 ,3
N8W0A7,ON,45,ONL3R9X4,332,$539.32 ,3
41048,KY,48,NV89030,3530,"$1,718.29 ",3
N8W0A7,ON,4,MBR3H0L3,1746,"$1,409.04 ",3
N8W0A7,ON,25,ONK7L2V7,289,$428.35 ,3
N8W0A7,ON,21,ONK1T3T8,2544,$690.61 ,3
N8W0A7,ON,22,ONK0K2T0,908,"$1,018.85 ",3
N8W0A7,ON,39,ONK0B1L0,4570,"$2,970.25 ",3
N8W0A7,ON,44,ONL0S1J0,719,$602.17 ,3
N8W0A7,ON,28,ONL0S1J0,621,$698.18 ,3
41048,KY,45,NY10509,1878,$586.34 ,3
38133,TN,47,KY41048,7937,"$1,372.79 ",3
38133,TN,44,KY41048,4154,$791.07 ,3
N8W0A7,ON,50,ONL3S3J1,5229,"$1,301.49 ",3
N8W0A7,ON,48,ONL3S3J1,2852,"$1,052.55 ",3
N8W0A7,ON,46,ONL3S3J1,1220,$540.89 ,3
N8W0A7,ON,43,ONL3S3J1,539,$507.18 ,3
N8W0A7,ON,41,ONL3S3J1,586,$544.40 ,3
N8W0A7,ON,47,ONL6S6H2,1898,$597.52 ,3
41048,KY,36,NV89119,6232,"$2,719.29 ",3
N8W0A7,ON,39,ONL3R9X4,1503,$728.58 ,3
N8W0A7,ON,39,ONL3S3J1,1057,$604.77 ,3
18020,PA,46,KY41048,1063,$499.26 ,3
N8W0A7,ON,29,ONL3S3J1,568,$620.79 ,3
N8W0A7,ON,24,ONL3S3J1,552,$547.40 ,3
N8W0A7,ON,10,ONL3R4H9,932,$504.79 ,3
N8W0A7,ON,51,ONM1P2L6,1008,$587.00 ,3
N8W0A7,ON,11,ONM9W5S6,1177,$626.41 ,3
N8W0A7,ON,33,ONM3B1Y8,1820,$610.60 ,3
N8W0A7,ON,31,ONM3B1Y8,616,$608.07 ,3
N8W0A7,ON,31,ONM9W5S6,696,$609.53 ,3
38133,TN,38,KY41048,6147,"$1,058.94 ",3
38133,TN,34,KY41048,9620,"$1,395.87 ",3
38133,TN,23,KY41048,5919,$987.46 ,3
38133,TN,21,KY41048,5518,$959.63 ,3
18020,PA,28,KY41048,1706,$643.79 ,3
N8W0A7,ON,30,ONM9W5S6,421,$492.36 ,3
N8W0A7,ON,29,ONM9W5S6,1126,$621.17 ,3
41048,KY,52,TN37013,442,$602.28 ,3
41048,KY,49,TX75074,1695,$864.81 ,3
41048,KY,48,TX76137,2019,$862.81 ,3
41048,KY,26,NV89119,5213,"$4,011.57 ",3
41048,KY,3,NY13760,453,$429.04 ,3
N8W0A7,ON,46,PQH4T2A1,1278,$774.23 ,3
N8W0A7,ON,37,PQH4T2A1,593,$648.21 ,3
N8W0A7,ON,35,PQH4T2A1,2417,$986.88 ,3
41048,KY,50,NY13760,550,$612.22 ,3
41048,KY,15,TN37013,2490,$557.13 ,3
41048,KY,14,TN37013,3675,$743.65 ,3
41048,KY,17,NY11385,924,"$1,156.06 ",3
41048,KY,6,NY11385,535,"$1,356.19 ",3
41048,KY,6,NY11237,535,"$1,322.38 ",3
41048,KY,10,NY11050,2484,"$1,366.67 ",3
N8W0A7,ON,22,ONM9W5S6,495,$490.35 ,3
N8W0A7,ON,21,ONM9W5S6,481,$550.95 ,3
N8W0A7,ON,19,ONM9W5S6,708,$554.38 ,3
N8W0A7,ON,13,ONM9W5S6,705,$558.56 ,3
N8W0A7,ON,12,ONM9W5S6,889,$624.41 ,3
53142,WI,25,TX78521,893,$743.66 ,3
41048,KY,52,FL32819,639,$473.56 ,3
41048,KY,22,FL32819,933,$558.09 ,3
53142,WI,44,FL33025,2095,"$1,531.11 ",3
53142,WI,41,FL33025,6224,"$3,627.60 ",3
53142,WI,38,FL33025,2288,"$1,554.34 ",3
53142,WI,35,FL33025,4057,"$2,341.63 ",3
53142,WI,34,FL33025,6756,"$3,461.42 ",3
41048,KY,23,FL33166,360,$481.77 ,3
41048,KY,22,FL33025,11874,"$3,546.09 ",3
41048,KY,14,FL33025,5333,"$2,046.41 ",3
41048,KY,10,FL32822,7885,"$2,406.36 ",3
41048,KY,41,NY13760,1262,"$1,354.07 ",3
41048,KY,33,NY13760,1365,"$1,196.42 ",3
41048,KY,42,OH43206,912,$491.61 ,3
41048,KY,15,NY13760,1275,"$1,376.95 ",3
92801,CA,40,KY41048,2917,"$1,436.46 ",2
1913,MA,41,PA19426,484,$457.50 ,2
1913,MA,26,TX75050,1140,"$1,118.29 ",2
1913,MA,35,TX75050,880,"$1,055.45 ",2
92801,CA,4,KY41048,3740,"$2,318.58 ",2
92801,CA,7,KY41048,3540,"$2,214.40 ",2
92801,CA,13,KY41048,2710,"$1,888.85 ",2
92801,CA,16,KY41048,4200,"$2,437.10 ",2
92801,CA,20,KY41048,2237,"$1,626.68 ",2
92801,CA,25,KY41048,4005,"$2,282.57 ",2
N8W0A7,ON,17,PQH1P2X4,207,$292.21 ,2
N8W0A7,ON,31,PQH1Y0A2,1116,$430.80 ,2
N8W0A7,ON,40,PQH1Y0A2,520,$432.76 ,2
N8W0A7,ON,41,PQH1Z4K6,578,$499.95 ,2
N8W0A7,ON,44,PQH1Z4K6,534,$560.10 ,2
N8W0A7,ON,10,PQH2L4M1,304,$786.17 ,2
N8W0A7,ON,40,PQH3E3B3,609,$578.20 ,2
N8W0A7,ON,19,PQH4N2G7,329,$361.28 ,2
N8W0A7,ON,22,PQH4P1J3,674,$359.28 ,2
N8W0A7,ON,17,PQH4P1M2,284,$438.87 ,2
N8W0A7,ON,37,PQH4R1X1,116,$287.43 ,2
38133,TN,18,KY41048,3504,$651.60 ,2
38133,TN,19,KY41048,3346,$590.74 ,2
N8W0A7,ON,44,PQH4S1L5,626,$422.52 ,2
N8W0A7,ON,49,PQH4S1L5,242,$347.28 ,2
N8W0A7,ON,51,PQH4S1L5,328,$352.68 ,2
41048,KY,12,OK74701,350,$371.04 ,2
41048,KY,26,OK74701,260,$365.69 ,2
41048,KY,10,OK74801,334,$267.55 ,2
41048,KY,36,OR97071,1774,"$1,832.54 ",2
41048,KY,9,OR97218,2520,"$1,495.30 ",2
41048,KY,32,PA15213,321,$444.56 ,2
41048,KY,28,PA16648,586,$394.33 ,2
41048,KY,38,PA17111,1049,$462.41 ,2
41048,KY,40,PA18015,422,$346.80 ,2
41048,KY,19,NY13760,703,$475.32 ,2
41048,KY,25,NY13760,678,$788.84 ,2
41048,KY,29,NY13760,784,$653.17 ,2
41048,KY,39,NY13760,947,"$1,075.09 ",2
41048,KY,51,NY13760,1400,"$1,371.39 ",2
78753,TX,21,KY41048,2336,$791.09 ,2
78753,TX,24,KY41048,1329,$576.83 ,2
41048,KY,31,NY12784,1615,$319.71 ,2
41048,KY,35,NY12784,1572,$308.87 ,2
41048,KY,23,NY13413,1964,$511.78 ,2
41048,KY,7,NY13748,453,$242.84 ,2
41048,KY,2,NY13760,525,$740.39 ,2
41048,KY,4,NY13760,751,$566.36 ,2
41048,KY,9,NY13760,1356,"$1,390.29 ",2
41048,KY,11,NY13760,405,$508.16 ,2
41048,KY,23,PA19083,240,$418.18 ,2
41048,KY,9,PA19107,787,$347.74 ,2
41048,KY,15,NY14623,912,$389.52 ,2
41048,KY,27,OH43035,210,$203.65 ,2
41048,KY,13,OH44131,180,$208.84 ,2
41048,KY,43,OK73127,568,$564.72 ,2
41048,KY,8,OK74012,345,$298.86 ,2
41048,KY,15,OK74116,1195,$430.65 ,2
41048,KY,27,TN37013,972,$339.82 ,2
41048,KY,25,PA18017,2039,$308.21 ,2
41048,KY,37,PA18031,516,$201.50 ,2
41048,KY,1,PA18109,1116,$629.41 ,2
41048,KY,26,PA18109,690,$370.51 ,2
41048,KY,40,PA18109,521,$416.83 ,2
41048,KY,44,PA18109,665,$458.49 ,2
41048,KY,50,PA18109,1500,$439.77 ,2
41048,KY,2,PA19050,355,$686.95 ,2
41048,KY,16,PA19061,692,$284.06 ,2
41048,KY,27,PA19061,692,$355.44 ,2
41048,KY,8,PA19082,295,$486.39 ,2
41048,KY,34,NY14150,298,$278.00 ,2
41048,KY,18,NY14206,2103,$446.39 ,2
41048,KY,18,NY11933,1623,"$1,018.34 ",2
41048,KY,34,NY11933,475,$613.96 ,2
41048,KY,8,NY11208,350,$930.30 ,2
41048,KY,8,NY11221,360,$914.38 ,2
41048,KY,13,NY11366,272,$791.71 ,2
41048,KY,30,NY11366,444,"$1,105.98 ",2
41048,KY,47,NY11366,390,"$1,149.88 ",2
41048,KY,8,NY11419,355,"$1,020.65 ",2
41048,KY,6,NY11420,350,$924.40 ,2
41048,KY,8,NY11420,345,$924.95 ,2
41048,KY,9,NY11420,320,$916.68 ,2
41048,KY,43,PA19526,848,$408.97 ,2
41048,KY,44,SC29115,319,$608.82 ,2
41048,KY,41,SD57107,491,$698.19 ,2
41048,KY,1,TN37013,1234,$342.16 ,2
41048,KY,7,TN37013,608,$347.88 ,2
41048,KY,19,TN37013,1900,$382.09 ,2
41048,KY,20,TN37013,1933,$341.12 ,2
41048,KY,9,NY10003,345,$971.34 ,2
41048,KY,10,NY10017,2592,"$1,709.79 ",2
41048,KY,11,NY10017,445,$714.92 ,2
41048,KY,12,NY10017,3243,"$1,567.52 ",2
41048,KY,26,NY10017,2048,"$1,365.27 ",2
41048,KY,32,NY10509,558,$312.24 ,2
41048,KY,43,NY10509,605,$244.96 ,2
41048,KY,12,TX75074,417,$321.25 ,2
41048,KY,33,TN37013,1922,$352.88 ,2
41048,KY,34,TN37013,331,$337.48 ,2
41048,KY,36,TN37013,847,$335.92 ,2
41048,KY,37,TN37013,720,$334.88 ,2
41048,KY,41,TN37013,677,$442.43 ,2
41048,KY,16,NY13760,429,$491.56 ,2
41048,KY,18,NY13760,538,$598.68 ,2
41048,KY,40,NY11050,1286,$726.79 ,2
41048,KY,37,TX75482,532,$263.29 ,2
41048,KY,9,TX75701,1326,$559.22 ,2
41048,KY,14,TX75701,1285,$442.70 ,2
41048,KY,20,TX75701,809,$350.41 ,2
41048,KY,27,TX75701,1294,$434.46 ,2
41048,KY,35,TN38104,553,$336.70 ,2
41048,KY,39,TN38104,283,$334.10 ,2
41048,KY,43,TX75063,1148,$498.50 ,2
41048,KY,10,TX75067,2065,$677.50 ,2
41048,KY,28,TX75071,219,$264.02 ,2
41048,KY,32,TX75071,1011,$403.64 ,2
41048,KY,9,TX75074,1534,$549.01 ,2
41048,KY,12,NY11779,789,$931.17 ,2
41048,KY,51,NY11779,295,$518.11 ,2
41048,KY,46,NV89119,2499,$964.17 ,2
41048,KY,49,NV89119,5584,"$2,684.71 ",2
41048,KY,16,NV89118,615,$673.67 ,2
41048,KY,8,NV89119,5715,"$2,347.99 ",2
41048,KY,20,NV89119,3251,"$1,822.40 ",2
41048,KY,21,NV89119,3505,"$1,511.19 ",2
41048,KY,24,NV89119,3284,"$1,766.75 ",2
41048,KY,27,NV89119,221,$573.76 ,2
41048,KY,30,TX77041,749,$355.73 ,2
41048,KY,18,TX75074,1483,$552.32 ,2
41048,KY,25,TX75074,361,$261.38 ,2
41048,KY,32,TX75074,803,$355.19 ,2
41048,KY,44,TX75074,6010,"$1,556.87 ",2
41048,KY,51,TX75074,965,$397.99 ,2
41048,KY,52,TX75169,695,$563.24 ,2
41048,KY,47,TX75214,439,$498.61 ,2
41048,KY,19,TX75234,360,$265.64 ,2
41048,KY,40,TX75460,300,$721.54 ,2
41048,KY,31,TX75701,1296,$435.01 ,2
41048,KY,47,TX75701,1277,$972.56 ,2
41048,KY,4,TX75702,210,$625.74 ,2
41048,KY,34,TX76051,649,$322.21 ,2
41048,KY,35,TX76051,976,$389.63 ,2
41048,KY,29,TX76114,524,$450.64 ,2
41048,KY,12,TX76137,483,$278.63 ,2
41048,KY,18,TX76137,12848,"$1,715.57 ",2
41048,KY,19,TX76137,684,$316.66 ,2
41048,KY,21,TX76137,12376,"$2,134.35 ",2
41048,KY,23,TX76137,1396,$495.08 ,2
41048,KY,27,TX76137,3442,"$1,051.63 ",2
41048,KY,37,TX76137,3429,"$1,079.72 ",2
41048,KY,30,NY10601,753,$515.32 ,2
41048,KY,35,NV89109,1467,$878.72 ,2
41048,KY,37,NV89109,1447,$981.74 ,2
41048,KY,14,VA24012,2856,$615.31 ,2
41048,KY,19,VA24501,730,$426.26 ,2
41048,KY,31,TX77041,1203,$450.95 ,2
41048,KY,10,TX77043,1094,$424.05 ,2
41048,KY,24,TX77320,240,$259.78 ,2
41048,KY,19,TX77340,580,$301.06 ,2
41048,KY,21,TX77340,285,$295.20 ,2
41048,KY,14,TX77478,1256,$523.26 ,2
41048,KY,19,TX77523,172,$264.62 ,2
41048,KY,8,TX78045,1490,$668.95 ,2
41048,KY,30,TX78045,3345,"$1,242.38 ",2
41048,KY,43,TX78521,1366,$721.10 ,2
41048,KY,9,TX78666,764,$375.94 ,2
41048,KY,33,NV89119,2447,"$1,634.55 ",2
41048,KY,13,TX78703,790,$350.83 ,2
41048,KY,17,TX78703,1481,$753.56 ,2
41048,KY,35,WA98052,484,$758.65 ,2
41048,KY,39,WA98052,1709,"$1,048.54 ",2
41048,KY,11,WA98072,4975,"$2,521.65 ",2
41048,KY,15,WA98072,2772,"$2,027.80 ",2
41048,KY,29,TX78703,948,$624.29 ,2
41048,KY,36,TX78724,571,$443.76 ,2
41048,KY,31,TX78753,1328,$692.72 ,2
41048,KY,18,TX79925,858,$463.59 ,2
41048,KY,27,TX79927,964,$496.98 ,2
41048,KY,3,TX79928,329,$382.02 ,2
41048,KY,13,UT84606,348,$780.33 ,2
41048,KY,25,VA20166,2883,$443.93 ,2
41048,KY,31,VA20166,497,$470.80 ,2
41048,KY,35,VA22201,1622,$759.53 ,2
41048,KY,42,VA23005,880,$333.34 ,2
41048,KY,30,VA23231,180,$275.56 ,2
41048,KY,49,NC28607,986,$276.83 ,2
41048,KY,16,NC28640,269,$267.55 ,2
41048,KY,35,NJ07111,2526,"$1,194.17 ",2
41048,KY,33,NJ7054,1623,$391.14 ,2
41048,KY,52,NJ7054,3822,$878.82 ,2
41048,KY,51,NJ7075,1785,"$1,268.04 ",2
41048,KY,26,NJ7094,2419,$392.47 ,2
41048,KY,2,NJ8701,2918,$647.04 ,2
41048,KY,24,IL60069,599,$208.80 ,2
41048,KY,21,IL60084,523,$210.40 ,2
41048,KY,4,WA98052,5110,"$2,654.16 ",2
41048,KY,12,WA98052,310,$853.92 ,2
41048,KY,19,WA98052,1467,"$1,031.04 ",2
41048,KY,26,WA98052,427,$612.41 ,2
41048,KY,29,WA98052,1269,$907.90 ,2
41048,KY,30,WA98052,756,$654.55 ,2
41048,KY,16,WA98072,3032,"$4,248.43 ",2
41048,KY,39,WA98072,827,$926.48 ,2
41048,KY,43,WA98072,5083,"$3,227.12 ",2
41048,KY,32,WA98387,588,$861.93 ,2
41048,KY,33,WA98387,1049,"$1,064.52 ",2
41048,KY,32,WA99202,879,$656.92 ,2
41048,KY,9,WI54022,3582,$700.30 ,2
41048,KY,16,WI54022,3233,$689.86 ,2
41048,KY,42,IA52632,724,$223.20 ,2
41048,KY,7,IL60005,555,$208.86 ,2
41048,KY,29,IL60005,902,$216.12 ,2
41048,KY,30,IL60005,649,$210.40 ,2
41048,KY,10,NC28273,2019,$466.26 ,2
41048,KY,12,NC28273,3347,$603.35 ,2
41048,KY,42,NC28273,972,$310.88 ,2
41048,KY,20,NC28602,475,$263.62 ,2
41048,KY,15,NC27713,1179,$321.15 ,2
41048,KY,37,NC27713,598,$237.38 ,2
41048,KY,40,NC27713,1208,$317.14 ,2
41048,KY,50,NC27713,1985,$412.52 ,2
41048,KY,29,NC28027,1233,$586.11 ,2
41048,KY,13,NC28052,1839,$442.03 ,2
41048,KY,52,IL60133,770,$209.27 ,2
41048,KY,36,IL60084,779,$226.55 ,2
41048,KY,51,IL60089,1249,$346.79 ,2
41048,KY,2,IL60133,1456,$310.90 ,2
41048,KY,3,IL60133,516,$210.11 ,2
41048,KY,7,IL60133,684,$212.90 ,2
41048,KY,9,IL60133,577,$212.70 ,2
41048,KY,10,IL60133,335,$214.40 ,2
41048,KY,14,IL60133,1092,$265.27 ,2
41048,KY,17,IL60133,435,$226.11 ,2
41048,KY,39,IL60173,795,$210.08 ,2
41048,KY,40,IL60173,519,$205.60 ,2
41048,KY,44,IL60173,439,$206.40 ,2
41048,KY,20,IL60133,605,$227.66 ,2
41048,KY,23,IL60133,533,$209.60 ,2
41048,KY,28,IL60133,531,$214.99 ,2
41048,KY,31,IL60133,2292,$374.45 ,2
41048,KY,37,IL60133,533,$241.15 ,2
41048,KY,41,IL60133,340,$205.60 ,2
41048,KY,49,IL60133,1195,$261.69 ,2
41048,KY,39,NM87031,561,$529.00 ,2
41048,KY,13,NC27607,1583,$424.94 ,2
41048,KY,6,NC27703,358,$254.05 ,2
41048,KY,19,NC27703,375,$279.49 ,2
41048,KY,39,NC27703,1936,$495.86 ,2
41048,KY,5,NC27713,2935,$580.45 ,2
41048,KY,31,NC27215,3784,$651.32 ,2
41048,KY,43,NC27215,4320,$801.53 ,2
41048,KY,28,NC27401,220,$263.00 ,2
41048,KY,42,NC27409,399,$258.36 ,2
41048,KY,41,NC27410,3893,$750.45 ,2
41048,KY,44,NC27410,474,$270.53 ,2
41048,KY,47,NC27410,532,$244.11 ,2
41048,KY,43,IL62025,870,$228.81 ,2
41048,KY,7,IL60169,1630,$323.16 ,2
41048,KY,11,IL60169,1648,$401.91 ,2
41048,KY,17,IL60169,1986,$373.43 ,2
41048,KY,18,IL60169,668,$214.97 ,2
41048,KY,31,IL60169,727,$216.29 ,2
41048,KY,32,IL60169,879,$218.14 ,2
41048,KY,4,IL60173,699,$210.96 ,2
41048,KY,14,IL60173,584,$213.60 ,2
41048,KY,44,IN46168,2997,$471.20 ,2
41048,KY,47,IL60173,735,$216.95 ,2
41048,KY,51,IL60173,706,$209.27 ,2
41048,KY,15,IL60561,879,$250.74 ,2
41048,KY,46,IL60561,445,$250.74 ,2
41048,KY,9,IL60642,274,$374.82 ,2
41048,KY,36,IL60642,1770,$640.35 ,2
41048,KY,37,IL61602,326,$207.20 ,2
41048,KY,13,IL62025,5022,$590.39 ,2
41048,KY,20,IL62025,1973,$399.84 ,2
41048,KY,24,IL62025,789,$220.14 ,2
41048,KY,39,IL62025,1581,$285.29 ,2
41048,KY,23,NC28203,984,$418.00 ,2
41048,KY,8,NC28273,1526,$389.85 ,2
41048,KY,21,NC27215,2666,$529.26 ,2
41048,KY,30,NC27215,4581,$791.10 ,2
41048,KY,30,MN55379,356,$524.91 ,2
41048,KY,41,MN55379,1139,$477.14 ,2
41048,KY,6,MN56031,840,$425.36 ,2
41048,KY,1,MS38611,4840,$820.58 ,2
41048,KY,2,NC27215,582,$263.20 ,2
41048,KY,46,IL62025,1356,$269.53 ,2
41048,KY,48,IL62025,2635,$580.98 ,2
41048,KY,42,IN46060,727,$303.99 ,2
41048,KY,5,IN46168,1320,$224.29 ,2
41048,KY,7,IN46168,1726,$281.23 ,2
41048,KY,8,IN46168,1038,$229.40 ,2
41048,KY,12,IN46168,1938,$313.19 ,2
41048,KY,13,IN46168,1630,$242.61 ,2
41048,KY,21,IN46168,700,$232.52 ,2
41048,KY,31,IN46168,1553,$285.41 ,2
41048,KY,41,IN46168,3120,$362.89 ,2
41048,KY,7,MA2215,598,$488.93 ,2
41048,KY,8,MD20781,1382,$291.71 ,2
41048,KY,11,MD21224,9360,"$2,037.54 ",2
41048,KY,23,MD21224,1134,$421.69 ,2
41048,KY,29,MD21224,1073,$374.66 ,2
41048,KY,52,IN46168,2460,$380.22 ,2
41048,KY,9,IN46226,2662,$355.05 ,2
41048,KY,28,NC27560,519,$264.02 ,2
41048,KY,9,NC27607,1526,$625.30 ,2
41048,KY,38,MD21228,515,$300.22 ,2
41048,KY,51,MD21237,1317,$878.88 ,2
41048,KY,19,ME4102,616,$715.27 ,2
41048,KY,22,ME4102,315,$384.65 ,2
41048,KY,23,MI48044,366,$277.14 ,2
41048,KY,46,MI48044,595,$275.88 ,2
41048,KY,41,MI48310,405,$342.08 ,2
41048,KY,28,IN46278,2636,$308.57 ,2
41048,KY,40,IN46738,3140,$443.53 ,2
41048,KY,17,KY40299,3189,$275.94 ,2
41048,KY,46,KY40299,2677,$429.04 ,2
41048,KY,9,KY41048,1526,$220.68 ,2
41048,KY,11,KY41048,500,$186.90 ,2
41048,KY,28,IN46738,1115,$229.68 ,2
41048,KY,9,NC27215,782,$267.86 ,2
41048,KY,17,NC27215,2038,$460.75 ,2
41048,KY,51,LA70734,1338,$657.61 ,2
41048,KY,33,LA71107,704,$447.55 ,2
41048,KY,33,MA1089,798,$573.14 ,2
41048,KY,22,MA1460,1930,$745.32 ,2
41048,KY,48,MA1913,650,"$1,230.57 ",2
41048,KY,15,MA2115,632,$604.88 ,2
41048,KY,28,MA2118,462,$598.36 ,2
41048,KY,42,KY41048,1585,$208.43 ,2
41048,KY,47,KY41048,2095,$231.44 ,2
41048,KY,17,KY41071,1348,$281.90 ,2
41048,KY,46,IN46738,954,$205.60 ,2
41048,KY,48,IN46738,2475,$363.71 ,2
41048,KY,4,IN46818,1518,$243.74 ,2
41048,KY,8,IN46818,4223,$455.36 ,2
41048,KY,9,IN46818,1027,$237.97 ,2
41048,KY,32,IN46818,1106,$213.41 ,2
41048,KY,37,KS66215,1358,$277.66 ,2
41048,KY,32,MD21224,618,$372.94 ,2
41048,KY,42,IL60642,1246,$407.95 ,2
41048,KY,43,IL60642,1612,$383.79 ,2
41048,KY,44,IL60642,7464,$934.02 ,2
41048,KY,48,IL60642,634,$264.58 ,2
41048,KY,18,IN46168,6330,$451.17 ,2
41048,KY,46,IL60173,3159,$638.83 ,2
41048,KY,31,IL60449,438,$321.28 ,2
41048,KY,27,IL60561,1422,$455.63 ,2
41048,KY,41,IL60561,2244,$583.13 ,2
41048,KY,25,IL60642,1578,$348.02 ,2
41048,KY,28,IL60642,380,$245.95 ,2
41048,KY,33,IL60642,194,$260.78 ,2
41048,KY,38,IL60642,2342,$472.21 ,2
41048,KY,24,MI48150,336,$208.80 ,2
41048,KY,32,MI48150,544,$266.65 ,2
41048,KY,16,KY41048,1067,$187.60 ,2
41048,KY,24,KY41048,635,$182.70 ,2
41048,KY,25,KY41048,891,$192.97 ,2
41048,KY,34,KY41048,2818,$230.97 ,2
41048,KY,35,KY41048,489,$182.00 ,2
41048,KY,37,KY41048,513,$181.30 ,2
41048,KY,25,KY42134,1184,$260.73 ,2
41048,KY,23,MA1501,340,$402.40 ,2
41048,KY,41,ME4102,200,$396.28 ,2
41048,KY,4,MI48084,926,$429.07 ,2
41048,KY,8,MI48084,3726,$728.77 ,2
41048,KY,11,MI48084,1323,$334.44 ,2
41048,KY,34,MI48084,286,$208.80 ,2
41048,KY,35,MI48084,1186,$258.22 ,2
41048,KY,43,MI48084,2459,$369.20 ,2
41048,KY,46,MI48084,696,$241.77 ,2
41048,KY,51,MI48084,594,$204.80 ,2
41048,KY,40,MI48116,344,$205.60 ,2
41048,KY,20,MI48150,409,$211.20 ,2
41048,KY,21,KY42701,6580,$422.81 ,2
41048,KY,44,KY42701,7006,$695.69 ,2
41048,KY,20,IL60133,2343,$491.45 ,2
41048,KY,23,MN55447,645,$236.39 ,2
41048,KY,24,MN55447,318,$315.89 ,2
41048,KY,37,MN55447,636,$578.51 ,2
41048,KY,31,MI48201,245,$389.60 ,2
41048,KY,31,MI48314,1240,$260.28 ,2
41048,KY,14,MI48375,855,$403.75 ,2
41048,KY,42,MI48821,663,$208.80 ,2
41048,KY,44,MI48821,475,$206.84 ,2
41048,KY,25,MI49423,1809,$327.63 ,2
41048,KY,11,MI49512,457,$213.60 ,2
41048,KY,13,MI49512,861,$216.08 ,2
41048,KY,37,MI49512,623,$241.61 ,2
41048,KY,11,MI49548,282,$213.60 ,2
41048,KY,14,MI49548,2478,$467.49 ,2
41048,KY,16,MI49548,353,$214.40 ,2
41048,KY,47,MN55101,5215,$970.02 ,2
41048,KY,42,MO64093,695,$260.71 ,2
41048,KY,9,NE68124,233,$239.82 ,2
41048,KY,3,NJ7430,863,$352.43 ,2
41048,KY,14,NY13413,2340,$540.23 ,2
41048,KY,4,OH43035,318,$205.92 ,2
41048,KY,9,OH43035,3263,$396.47 ,2
41048,KY,29,OH43125,2135,$297.09 ,2
41048,KY,35,MN55317,1558,$444.57 ,2
41048,KY,36,MN55317,638,$330.95 ,2
41048,KY,36,MN55344,311,$208.00 ,2
41048,KY,42,MN55344,1324,$474.07 ,2
41048,KY,28,MN55374,1016,$586.62 ,2
41048,KY,37,MN55374,1190,$371.51 ,2
41048,KY,26,MN55379,552,$263.71 ,2
41048,KY,9,MN55447,725,$440.55 ,2
41048,KY,11,MN55447,1031,$366.46 ,2
41048,KY,5,GA30542,3298,$564.61 ,2
41048,KY,16,GA30809,628,$267.04 ,2
41048,KY,7,ID83642,344,$434.64 ,2
41048,KY,7,ID83712,390,$646.57 ,2
41048,KY,25,IL60050,4720,$542.14 ,2
41048,KY,17,IL60124,1103,$327.04 ,2
41048,KY,34,IL60124,818,$265.32 ,2
41048,KY,36,IL60124,220,$259.16 ,2
41048,KY,50,IL60124,1721,$372.55 ,2
41048,KY,21,OH44460,925,$210.68 ,2
41048,KY,27,OH44460,822,$209.74 ,2
41048,KY,38,MN55447,440,$232.78 ,2
41048,KY,35,MN56031,1317,$395.96 ,2
41048,KY,42,MN56031,1156,$357.91 ,2
41048,KY,9,MO63026,823,$224.95 ,2
41048,KY,31,MO63143,2136,$422.43 ,2
41048,KY,34,OH44718,669,$588.80 ,2
41048,KY,1,PA16625,3875,"$1,132.11 ",2
41048,KY,5,TN37849,741,$267.19 ,2
41048,KY,46,TN38118,762,$221.78 ,2
41048,KY,32,OH44004,588,$212.04 ,2
41048,KY,4,OH44145,1123,$251.72 ,2
41048,KY,7,OH44145,2100,$365.13 ,2
41048,KY,37,OH44145,519,$207.20 ,2
41048,KY,1,OH44223,2010,$304.54 ,2
41048,KY,5,OH44460,2059,$347.33 ,2
41048,KY,17,OH44460,708,$213.75 ,2
41048,KY,20,OH44460,2511,$383.50 ,2
41048,KY,41,IL60642,579,$261.37 ,2
41048,KY,51,GA30349,1505,$399.60 ,2
41048,KY,15,GA30434,337,$448.06 ,2
41048,KY,18,GA30434,296,$446.14 ,2
41048,KY,51,GA30005,593,$368.74 ,2
41048,KY,22,GA30071,1268,$328.01 ,2
41048,KY,29,GA30071,1265,$316.32 ,2
41048,KY,40,GA30071,2157,$564.31 ,2
41048,KY,41,GA30071,1992,$508.16 ,2
41048,KY,50,GA30087,381,$340.74 ,2
41048,KY,48,GA30106,2135,$508.08 ,2
41048,KY,35,GA30121,528,$344.20 ,2
41048,KY,30,WI54942,1183,$273.35 ,2
41048,KY,43,WI54942,4033,$658.83 ,2
41048,KY,31,OH44460,1018,$260.06 ,2
41048,KY,32,OH44460,750,$209.74 ,2
41048,KY,37,OH44460,1130,$236.53 ,2
41048,KY,42,OH44460,1108,$256.09 ,2
41048,KY,46,OH44460,1389,$275.00 ,2
41048,KY,27,OH44718,706,$589.60 ,2
41048,KY,45,WI53080,802,$222.53 ,2
41048,KY,7,WI53142,460,$205.92 ,2
41048,KY,15,WI53158,475,$212.80 ,2
41048,KY,29,WI53158,1315,$283.72 ,2
41048,KY,35,WI53209,764,$272.21 ,2
41048,KY,17,WI54022,710,$368.82 ,2
41048,KY,33,WI54022,1212,$475.24 ,2
41048,KY,42,WI54495,422,$206.40 ,2
41048,KY,50,WI54889,828,$331.94 ,2
41048,KY,5,WI54942,1080,$266.25 ,2
41048,KY,43,IL60126,10417,"$1,217.97 ",2
41048,KY,6,IL60133,3395,$719.54 ,2
41048,KY,11,FL34232,422,$427.42 ,2
41048,KY,5,GA30005,2589,$634.54 ,2
41048,KY,13,GA30005,736,$294.32 ,2
41048,KY,28,GA30005,930,$310.80 ,2
53142,WI,22,FL33025,2557,"$1,951.24 ",2
53142,WI,28,FL33025,2915,"$2,053.19 ",2
27260,NC,25,KY41048,3280,$629.60 ,2
27260,NC,34,KY41048,3741,$732.53 ,2
27260,NC,35,KY41048,2128,$499.75 ,2
27260,NC,44,KY41048,9676,"$1,500.40 ",2
27265,NC,8,KY41048,1015,$314.43 ,2
49423,MI,2,KY41048,4964,$593.18 ,2
49423,MI,9,KY41048,1918,$378.21 ,2
49423,MI,22,KY41048,2713,$522.59 ,2
49423,MI,33,KY41048,8653,"$1,626.73 ",2
92649,CA,45,IN46738,11780,"$4,145.04 ",2
32256,FL,35,KY41048,1368,$450.23 ,2
32256,FL,42,KY41048,3629,$861.81 ,2
32256,FL,46,KY41048,3512,$876.10 ,2
41048,KY,16,TN38305,342,$302.86 ,2
41048,KY,33,FL33167,596,$455.96 ,2
41048,KY,50,FL33167,436,$435.54 ,2
41048,KY,37,FL33178,1512,$629.15 ,2
41048,KY,41,FL33182,1398,$773.52 ,2
41048,KY,47,FL33182,2915,"$1,111.73 ",2
41048,KY,8,FL33186,3302,"$1,219.99 ",2
41048,KY,46,FL33186,3739,"$1,388.26 ",2
41048,KY,22,FL33309,330,$361.87 ,2
41048,KY,21,FL33331,443,$262.40 ,2
41048,KY,8,FL33607,934,$591.27 ,2
41048,KY,27,FL33607,2044,$860.83 ,2
41048,KY,32,FL33607,431,$322.00 ,2
41048,KY,27,FL33610,2478,$926.22 ,2
53142,WI,45,FL33025,3099,"$1,700.44 ",2
53142,WI,9,FL33025,792,$907.10 ,2
53142,WI,12,FL33025,991,"$1,050.81 ",2
41048,KY,20,DE19947,507,$315.79 ,2
41048,KY,25,FL32124,334,$261.38 ,2
53142,WI,30,FL33025,3684,"$1,970.50 ",2
41048,KY,31,FL32256,993,$457.17 ,2
41048,KY,31,FL32819,380,$364.64 ,2
41048,KY,49,FL32819,282,$265.10 ,2
41048,KY,21,FL32822,4616,"$1,485.31 ",2
41048,KY,28,FL32830,765,$443.67 ,2
41048,KY,37,FL33166,584,$367.44 ,2
41048,KY,8,FL33844,268,$268.86 ,2
41048,KY,21,FL33860,1541,$784.06 ,2
41048,KY,7,FL33122,413,$312.94 ,2
41048,KY,50,FL33122,3770,"$1,287.14 ",2
41048,KY,12,GA30265,2569,$537.84 ,2
41048,KY,7,GA30324,550,$469.94 ,2
41048,KY,38,FL33166,408,$257.45 ,2
53142,WI,49,FL33025,1776,"$1,199.72 ",2
53142,WI,51,FL33025,3553,"$2,436.53 ",2
53142,WI,52,IL60061,1515,$481.27 ,2
53142,WI,26,TN37013,1068,$410.62 ,2
53142,WI,35,TN37013,5036,$999.10 ,2
53142,WI,36,TN37013,6495,"$1,053.56 ",2
53142,WI,39,TN37013,1211,$370.32 ,2
53142,WI,4,TX78521,1590,"$1,345.47 ",2
41048,KY,37,CO80129,1461,$649.93 ,2
41048,KY,28,CO80223,180,$536.26 ,2
41048,KY,26,CO80239,1408,$684.43 ,2
41048,KY,23,CT6095,476,$412.06 ,2
41048,KY,11,CT6611,2683,"$1,338.90 ",2
41048,KY,19,CT6611,2433,"$1,537.64 ",2
41048,KY,47,CT6611,1182,$587.05 ,2
41048,KY,50,DE19802,364,$367.52 ,2
53142,WI,19,TX78521,666,$558.10 ,2
53142,WI,20,TX78521,3355,"$2,154.23 ",2
41048,KY,29,FL32177,720,$330.16 ,2
41048,KY,42,FL32219,420,$264.74 ,2
41048,KY,35,CA95054,315,$636.67 ,2
41048,KY,50,CA95054,430,$889.30 ,2
41048,KY,21,CA95112,2493,"$1,774.27 ",2
41048,KY,49,CA95377,1829,"$1,124.73 ",2
41048,KY,51,CA95377,3138,"$1,617.49 ",2
41048,KY,3,CA95826,1014,$728.97 ,2
41048,KY,9,CA95826,436,$568.81 ,2
41048,KY,40,CA95841,813,"$1,224.52 ",2
41048,KY,32,CO80112,519,$518.78 ,2
41048,KY,2,CO80129,486,$639.14 ,2
41048,KY,7,CO80129,1729,"$1,024.81 ",2
41048,KY,13,CO80129,642,$715.57 ,2
41048,KY,29,CA92509,420,$687.80 ,2
53142,WI,4,KY41048,2486,$592.21 ,2
53142,WI,27,TX78521,895,$703.83 ,2
41048,KY,24,CO80129,1024,$823.66 ,2
41048,KY,26,CO80129,1011,$579.96 ,2
41048,KY,1,CA92653,4143,"$2,276.98 ",2
41048,KY,2,CA92653,4077,"$1,898.62 ",2
41048,KY,3,CA92653,1589,"$1,014.18 ",2
41048,KY,35,CA92653,2400,"$1,327.31 ",2
41048,KY,28,CA93030,387,$517.93 ,2
41048,KY,19,CA94085,552,$921.79 ,2
41048,KY,44,CA94538,500,"$1,329.84 ",2
41048,KY,49,CA94804,1474,"$1,029.50 ",2
41048,KY,32,CA94901,2042,"$2,478.16 ",2
41048,KY,38,CA94901,1443,"$1,011.28 ",2
53142,WI,14,TX78521,1004,$794.26 ,2
53142,WI,48,TX78521,817,$479.50 ,2
53142,WI,26,WA98072,1890,"$1,071.98 ",2
53142,WI,1,KY41048,1479,$308.18 ,2
53142,WI,2,KY41048,4464,$990.86 ,2
41048,KY,43,CA94901,1241,$886.77 ,2
41048,KY,50,CA94901,805,$828.57 ,2
41048,KY,37,CA91355,851,$660.78 ,2
41048,KY,50,CA91730,1199,"$1,276.74 ",2
41048,KY,41,CA91746,1164,$855.46 ,2
41048,KY,30,CA91764,390,"$1,056.28 ",2
41048,KY,10,CA92154,1107,"$1,762.95 ",2
41048,KY,13,CA92154,1626,"$2,266.28 ",2
41048,KY,51,CA92154,2295,"$1,183.33 ",2
41048,KY,34,CA92335,782,$920.56 ,2
41048,KY,39,CA92408,5416,"$2,490.60 ",2
41048,KY,29,CA92508,315,$733.89 ,2
53142,WI,13,KY41048,2194,$716.15 ,2
53142,WI,15,KY41048,837,$221.63 ,2
53142,WI,23,KY41048,702,$226.92 ,2
53142,WI,43,MD21287,2728,$656.91 ,2
37931,TN,36,TX78521,4380,"$1,228.18 ",2
41048,KY,52,CA92571,1533,$933.26 ,2
41048,KY,46,CA92649,433,$764.13 ,2
41048,KY,39,AZ85338,877,$584.08 ,2
41048,KY,43,AZ85338,1063,$678.56 ,2
41048,KY,51,AZ85338,842,$583.18 ,2
41048,KY,24,CA90058,180,$558.58 ,2
41048,KY,24,CA90064,2397,"$2,551.38 ",2
41048,KY,13,CA90501,370,$574.36 ,2
41048,KY,10,CA90731,1181,$839.57 ,2
37931,TN,46,TX78521,1493,$663.21 ,2
37931,TN,49,TX78521,1245,"$1,483.73 ",2
41048,KY,52,AZ85284,7772,"$3,563.77 ",2
41048,KY,1,AZ85338,1634,$882.16 ,2
41048,KY,11,AZ85338,449,$874.55 ,2
41048,KY,16,AZ85338,1910,"$1,068.68 ",2
41048,KY,26,AZ85338,557,$500.74 ,2
78501,TX,30,KY41048,11181,"$3,007.22 ",2
37931,TN,50,TX78521,4487,"$1,543.02 ",2
37931,TN,52,TX78521,2059,$709.70 ,2
37931,TN,28,OH44145,6572,$657.18 ,2
H8T3P7,PQ,50,PQH3C1S4,416,$560.32 ,2
17601,PA,26,KY41048,320,$262.30 ,2
17601,PA,12,KY41048,3904,$598.82 ,2
17601,PA,23,KY41048,648,$339.27 ,2
17601,PA,27,KY41048,830,$340.56 ,2
17601,PA,30,KY41048,795,$340.56 ,2
17601,PA,49,KY41048,1008,$346.16 ,2
41048,KY,20,AZ85040,2350,"$2,087.85 ",2
41048,KY,41,AZ85040,1253,$816.75 ,2
41048,KY,23,AZ85041,240,$560.30 ,2
41048,KY,20,AZ85203,500,"$1,138.21 ",2
78501,TX,12,TX78521,2865,$267.13 ,2
78501,TX,11,KY41048,5742,"$2,025.28 ",2
78501,TX,12,KY41048,1109,$512.82 ,2
78501,TX,13,KY41048,17182,"$4,512.57 ",2
78501,TX,15,KY41048,11361,"$3,104.34 ",2
78501,TX,22,KY41048,16850,"$2,504.21 ",2
41048,KY,31,CA91020,435,$994.37 ,2
41048,KY,30,AZ85284,1927,"$1,272.14 ",2
41048,KY,37,AZ85284,8130,"$3,115.64 ",2
41048,KY,38,AZ85284,920,$825.29 ,2
41048,KY,43,AZ85284,1775,"$1,234.11 ",2
41048,KY,49,AZ85284,4552,"$1,933.45 ",2
54942,WI,39,KY41048,6225,"$1,317.36 ",2
54942,WI,51,KY41048,3247,$902.26 ,2
43125,OH,25,KY41048,5785,$645.33 ,2
43125,OH,43,KY41048,6543,"$1,130.82 ",2
78501,TX,43,KY41048,5395,"$1,593.95 ",2
78501,TX,1,TX78521,1303,$227.18 ,2
78501,TX,2,TX78521,2041,$277.07 ,2
41048,KY,29,AZ85338,902,$624.45 ,2
94544,CA,50,KY41048,2376,"$1,356.66 ",2
41048,KY,44,AL35805,677,$362.20 ,2
41048,KY,28,AL35812,485,$434.02 ,2
41048,KY,22,AL36092,2474,$537.66 ,2
41048,KY,23,AZ85009,160,"$1,868.58 ",2
41048,KY,23,AZ85024,1434,"$1,534.37 ",2
41048,KY,29,AZ85024,4989,"$2,042.80 ",2
41048,KY,25,AZ85034,230,$557.29 ,2
54942,WI,37,TX78521,1084,$789.81 ,2
54942,WI,39,TX78521,1769,"$1,112.45 ",2
54942,WI,40,TX78521,895,$682.94 ,2
54942,WI,41,TX78521,2629,"$1,761.45 ",2
54942,WI,43,TX78521,3201,"$1,909.53 ",2
54942,WI,48,TX78521,1196,$844.58 ,2
78501,TX,16,TX78521,1138,$229.60 ,2
78501,TX,21,TX78521,1788,$229.63 ,2
41048,KY,27,AZ85226,185,$562.44 ,2
54942,WI,4,KY41048,5408,"$1,011.04 ",2
54942,WI,10,KY41048,9694,"$2,125.18 ",2
54942,WI,11,KY41048,4610,$760.44 ,2
54942,WI,20,KY41048,1495,$302.82 ,2
54942,WI,21,KY41048,815,$260.70 ,2
54942,WI,26,KY41048,2046,$484.20 ,2
54942,WI,34,KY41048,4787,$935.72 ,2
76177,TX,14,TX78521,1268,$454.44 ,2
94538,CA,21,KY41048,1430,"$1,107.71 ",2
94538,CA,32,KY41048,1558,"$1,151.00 ",2
76051,TX,37,KY41048,765,$375.90 ,2
54942,WI,31,FL33025,5375,"$2,439.15 ",2
54942,WI,34,FL33025,2827,"$1,675.98 ",2
54942,WI,45,FL33025,2610,"$1,790.83 ",2
54942,WI,5,TX78521,500,$623.16 ,2
89423,NV,22,KY41048,1022,$882.06 ,2
89423,NV,26,KY41048,2995,"$2,103.62 ",2
43125,OH,50,KY41048,5280,$516.60 ,2
94544,CA,26,KY41048,3444,"$2,197.99 ",2
54942,WI,22,TX78521,474,$555.00 ,2
54942,WI,29,TX78521,451,$495.73 ,2
54942,WI,32,TX78521,923,$701.20 ,2
54942,WI,33,TX78521,790,$668.58 ,2
7950,NJ,25,KY41048,1080,$398.42 ,2
7950,NJ,31,KY41048,3925,$877.80 ,2
7950,NJ,42,KY41048,8070,"$1,408.24 ",2
7950,NJ,45,KY41048,904,$393.22 ,2
37813,TN,8,KY41048,1356,$357.82 ,2
33172,FL,3,KY41048,1662,$605.90 ,2
33172,FL,6,KY41048,3362,$957.86 ,2
33172,FL,12,KY41048,2254,$713.67 ,2
33172,FL,26,KY41048,3505,$951.86 ,2
89423,NV,3,KY41048,2085,"$1,599.28 ",2
89423,NV,20,KY41048,1934,"$1,482.34 ",2
54942,WI,1,KY41048,2522,$581.03 ,2
76177,TX,3,TX78521,654,$290.68 ,2
76177,TX,6,TX78521,759,$296.26 ,2
76177,TX,7,TX78521,774,$298.15 ,2
76177,TX,8,TX78521,393,$232.74 ,2
30542,GA,42,TX78521,898,$415.27 ,2
30542,GA,45,TX78521,1527,$604.07 ,2
33309,FL,5,KY41048,981,$387.05 ,2
33309,FL,20,KY41048,872,$344.05 ,2
33309,FL,29,KY41048,797,$340.32 ,2
33309,FL,47,KY41048,412,$264.47 ,2
33309,FL,48,KY41048,1158,$447.09 ,2
37122,TN,37,KY41048,955,$397.96 ,2
89423,NV,37,KY41048,1252,"$1,127.30 ",2
33025,FL,45,KY41048,2784,$830.03 ,2
93021,CA,1,KY41048,9588,"$4,555.99 ",2
93021,CA,14,KY41048,8289,"$4,288.52 ",2
93021,CA,42,KY41048,8244,"$3,718.35 ",2
7950,NJ,15,KY41048,655,$407.28 ,2
7950,NJ,16,KY41048,680,$407.59 ,2
7950,NJ,24,KY41048,1280,$433.28 ,2
37813,TN,28,KY41048,1803,$372.79 ,2
37813,TN,30,KY41048,2420,$401.78 ,2
37813,TN,33,KY41048,1757,$359.17 ,2
37813,TN,35,KY41048,1336,$288.04 ,2
37813,TN,37,KY41048,3940,$560.10 ,2
37122,TN,5,KY41048,4205,$627.28 ,2
37122,TN,9,KY41048,1246,$361.37 ,2
37122,TN,10,KY41048,766,$267.24 ,2
37122,TN,15,KY41048,415,$358.06 ,2
37122,TN,32,KY41048,2120,$350.12 ,2
54942,WI,10,TX78521,1324,"$1,269.21 ",2
22602,VA,19,VA20151,595,$200.00 ,2
22602,VA,18,VA20153,645,$200.00 ,2
56031,MN,31,KY41048,1275,$419.64 ,2
30542,GA,6,TX78521,11284,"$2,905.23 ",2
30542,GA,41,TX78521,2922,$979.99 ,2
85040,AZ,13,KY41048,1634,$993.92 ,2
85040,AZ,21,KY41048,901,$662.98 ,2
85040,AZ,22,KY41048,1340,$872.19 ,2
85040,AZ,26,KY41048,1058,$756.70 ,2
85040,AZ,28,KY41048,495,$772.02 ,2
37122,TN,45,KY41048,943,$405.10 ,2
37122,TN,49,KY41048,364,$265.20 ,2
37122,TN,52,KY41048,4130,"$1,017.05 ",2
7105,NJ,36,NJ07080,2526,$468.85 ,2
30071,GA,2,KY41048,383,$237.17 ,2
30071,GA,5,KY41048,829,$716.11 ,2
30071,GA,14,KY41048,305,$239.31 ,2
30071,GA,33,KY41048,505,$249.47 ,2
30071,GA,41,KY41048,1536,$550.65 ,2
30071,GA,43,KY41048,529,$263.57 ,2
30071,GA,47,KY41048,1685,$460.20 ,2
79936,TX,37,KY41048,445,$286.35 ,2
79936,TX,38,KY41048,445,$276.40 ,2
79936,TX,41,KY41048,3056,"$1,291.32 ",2
79936,TX,45,KY41048,1870,$860.06 ,2
79936,TX,48,KY41048,3195,"$1,684.37 ",2
97402,OR,43,KY41048,6282,"$2,558.56 ",2
75074,TX,46,KY41048,744,$317.29 ,2
55441,MN,30,FL33025,3094,"$1,649.53 ",2
32809,FL,19,KY41048,3640,$907.53 ,2
32809,FL,22,KY41048,2995,$760.61 ,2
32809,FL,35,KY41048,2090,$616.85 ,2
32809,FL,40,KY41048,1007,$357.15 ,2
85009,AZ,13,KY41048,1811,"$2,351.76 ",2
85009,AZ,49,KY41048,4042,"$1,621.94 ",2
85040,AZ,3,KY41048,1315,$917.01 ,2
85040,AZ,12,KY41048,1421,$911.18 ,2
85040,AZ,35,KY41048,404,$315.46 ,2
L1W3V9,ON,40,ONK8N5A9,280,$263.74 ,2
75074,TX,1,KY41048,1684,$573.23 ,2
75074,TX,5,KY41048,852,$351.43 ,2
75074,TX,7,KY41048,1850,$658.33 ,2
75074,TX,13,KY41048,1885,$647.29 ,2
75074,TX,17,KY41048,1200,$460.81 ,2
75074,TX,24,KY41048,2451,$731.80 ,2
75074,TX,33,KY41048,1911,$636.81 ,2
75074,TX,35,KY41048,800,$316.83 ,2
75074,TX,41,KY41048,848,$321.05 ,2
75074,TX,43,KY41048,1732,$575.20 ,2
75074,TX,45,KY41048,4111,"$1,242.16 ",2
33309,FL,49,KY41048,1101,$435.13 ,2
76177,TX,2,TX78521,756,$506.63 ,2
79936,TX,36,KY41048,1535,$709.19 ,2
32127,FL,2,KY41048,569,$239.71 ,2
32127,FL,24,KY41048,753,$268.70 ,2
32127,FL,28,KY41048,997,$383.62 ,2
32127,FL,39,KY41048,898,$300.42 ,2
97230,OR,30,KY41048,985,$609.74 ,2
92503,CA,5,KY41048,7096,"$3,760.82 ",2
92503,CA,9,KY41048,3207,"$2,034.54 ",2
92503,CA,28,KY41048,2196,"$1,578.06 ",2
92503,CA,31,KY41048,6000,"$2,486.92 ",2
92503,CA,39,OH43229,1777,$949.34 ,2
92503,CA,38,TX78521,1088,$572.41 ,2
84123,UT,40,KY41048,2415,"$1,133.19 ",2
78218,TX,13,KY41048,930,$543.21 ,2
78218,TX,16,KY41048,1925,"$1,002.13 ",2
78218,TX,18,KY41048,845,$474.38 ,2
78218,TX,21,KY41048,1230,$620.58 ,2
78218,TX,26,KY41048,1685,$839.31 ,2
92154,CA,13,KY41048,2816,$996.45 ,2
94577,CA,3,KY41048,1890,"$1,472.52 ",2
90740,CA,6,KY41048,2015,"$1,389.66 ",2
98108,WA,1,KY41048,10815,"$4,672.04 ",2
98108,WA,12,KY41048,4033,"$2,561.75 ",2
55379,MN,12,KY41048,654,$339.79 ,2
8873,NJ,23,TX78521,2221,"$1,552.57 ",2
8873,NJ,18,KY41048,6105,"$1,031.59 ",2
47803,IN,8,NH3079,900,$464.64 ,2
90505,CA,6,KY41048,6703,"$4,008.65 ",2
90505,CA,11,KY41048,9117,"$2,536.00 ",2
90505,CA,12,KY41048,3877,"$3,292.16 ",2
90505,CA,18,KY41048,6375,"$2,931.49 ",2
90505,CA,20,KY41048,901,$702.94 ,2
90505,CA,21,KY41048,10402,"$4,377.76 ",2
90505,CA,25,KY41048,6598,"$3,261.27 ",2
90505,CA,27,KY41048,4385,"$3,337.43 ",2
90505,CA,33,KY41048,4352,"$3,543.22 ",2
90505,CA,37,KY41048,6373,"$4,464.46 ",2
90505,CA,47,KY41048,8479,"$3,221.11 ",2
15401,PA,3,KY41048,270,$431.34 ,2
84119,UT,5,KY41048,3595,"$1,978.19 ",2
19090,PA,38,KY41048,285,$224.06 ,2
N8W0A7,ON,33,ABT2C5B3,1596,$777.52 ,2
N8W0A7,ON,48,ABT2G4B9,577,$701.33 ,2
N8W0A7,ON,37,ABT5S0A4,846,$695.41 ,2
N8W0A7,ON,46,ABT5S0A4,817,$681.18 ,2
N8W0A7,ON,1,ABT6B2R8,348,$599.00 ,2
N8W0A7,ON,31,ABT6X0V1,677,$834.66 ,2
N8W0A7,ON,44,ABT6X0V1,737,$820.74 ,2
N8W0A7,ON,36,BCV1V1S1,338,"$1,041.26 ",2
79936,TX,15,KY41048,1036,$493.79 ,2
79936,TX,16,KY41048,2842,"$1,154.45 ",2
N8W0A7,ON,50,MBR3H0L3,287,$562.68 ,2
N8W0A7,ON,22,BCV2N1W9,230,"$1,650.10 ",2
N8W0A7,ON,32,BCV2S7T9,140,$520.25 ,2
N8W0A7,ON,18,BCV2X8G1,1287,"$1,400.13 ",2
N8W0A7,ON,24,BCV2X8G1,1811,"$1,789.40 ",2
N8W0A7,ON,28,BCV2X8G1,392,$750.70 ,2
N8W0A7,ON,34,BCV2X8G1,1157,$946.76 ,2
N8W0A7,ON,38,BCV2X8G1,529,$936.46 ,2
N8W0A7,ON,40,BCV2X8G1,190,$535.32 ,2
N8W0A7,ON,23,BCV3K6Y7,266,$903.57 ,2
N8W0A7,ON,31,BCV3K6Y7,176,$533.56 ,2
N8W0A7,ON,25,BCV4N4C1,230,$937.48 ,2
N8W0A7,ON,18,BCV6K3G8,531,"$1,381.48 ",2
N8W0A7,ON,40,MBR3H0L2,388,"$1,171.87 ",2
N8W0A7,ON,20,ONK7L2V7,271,$349.62 ,2
N8W0A7,ON,26,ONK7L2V7,234,$350.06 ,2
N8W0A7,ON,1,MBR3H0L3,322,$735.92 ,2
N8W0A7,ON,11,MBR3H0L3,2093,"$1,446.44 ",2
N8W0A7,ON,16,MBR3H0L3,793,$735.20 ,2
N8W0A7,ON,30,MBR3H0L3,632,$581.47 ,2
N8W0A7,ON,40,MBR3H0L3,454,$579.86 ,2
N8W0A7,ON,43,MBR3H0L3,795,"$1,050.60 ",2
N8W0A7,ON,45,MBR3H0L3,545,$717.82 ,2
N8W0A7,ON,46,MBR3H0L3,586,$614.48 ,2
N8W0A7,ON,47,MBR3H0L3,502,$716.86 ,2
97402,OR,48,KY41048,5610,"$2,563.25 ",2
97402,OR,52,KY41048,7212,"$2,293.20 ",2
79936,TX,2,KY41048,10458,"$3,082.65 ",2
79936,TX,3,KY41048,746,$394.53 ,2
79936,TX,12,KY41048,3215,"$1,303.83 ",2
92880,CA,4,KY41048,1051,$929.78 ,2
92880,CA,39,KY41048,485,$437.06 ,2
33442,FL,50,KY41048,2010,$721.30 ,2
33178,FL,37,KY41048,6725,"$1,493.61 ",2
7073,NJ,12,KY41048,1061,$275.02 ,2
N8W0A7,ON,50,ONL0S1J0,468,$443.41 ,2
N8W0A7,ON,27,NBE1C1Y4,518,$778.63 ,2
N8W0A7,ON,26,NBE3B5B4,758,"$1,120.88 ",2
N8W0A7,ON,32,NSB3B0G3,691,$821.02 ,2
N8W0A7,ON,34,NSB3B0G3,544,$664.42 ,2
N8W0A7,ON,15,ONK0B1L0,2161,"$1,595.25 ",2
N8W0A7,ON,19,ONK0B1L0,534,"$1,101.11 ",2
N8W0A7,ON,45,ONK0B1L0,801,"$1,405.38 ",2
N8W0A7,ON,18,ONK1G4J5,293,$443.35 ,2
N8W0A7,ON,29,ONK1H8L6,1505,$713.32 ,2
N8W0A7,ON,21,ONK7K0J7,306,$657.83 ,2
N8W0A7,ON,39,ONK9J7C6,412,$611.86 ,2
N8W0A7,ON,21,ONL0S1J0,384,$458.82 ,2
N8W0A7,ON,32,ONL0S1J0,541,$384.79 ,2
N8W0A7,ON,38,ONL0S1J0,695,$454.68 ,2
N8W0A7,ON,43,ONL0S1J0,762,$454.45 ,2
N8W0A7,ON,47,ONL0S1J0,576,$449.01 ,2
79936,TX,30,KY41048,2155,$949.11 ,2
60639,IL,34,KY41048,880,$243.75 ,2
60639,IL,43,KY41048,1635,$369.18 ,2
60639,IL,50,KY41048,1905,$399.63 ,2
90221,CA,15,KY41048,6826,"$2,433.44 ",2
90221,CA,24,KY41048,4801,"$2,700.53 ",2
90221,CA,43,KY41048,8647,"$2,325.33 ",2
90221,CA,47,KY41048,5055,"$2,221.88 ",2
90221,CA,48,KY41048,2972,"$1,358.61 ",2
90221,CA,39,TX77031,4280,"$1,538.17 ",2
N8W0A7,ON,31,ONL3R9X4,626,$405.75 ,2
N8W0A7,ON,33,ONL3R9X4,2751,$753.52 ,2
N8W0A7,ON,37,ONL3R9X4,2897,"$1,183.96 ",2
N8W0A7,ON,51,ONL0S1J0,500,$448.28 ,2
N8W0A7,ON,22,ONL1J7E2,1202,$533.74 ,2
N8W0A7,ON,43,ONL1J7E2,1585,$449.31 ,2
N8W0A7,ON,44,ONL1J7E2,4954,$753.90 ,2
N8W0A7,ON,39,ONL1W3V9,280,$347.24 ,2
N8W0A7,ON,37,ONL3R0E4,941,$406.59 ,2
N8W0A7,ON,47,ONL3R0E4,1026,$516.41 ,2
N8W0A7,ON,35,ONL3R1B2,364,$413.42 ,2
N8W0A7,ON,18,ONL3R4H9,1136,$446.42 ,2
N8W0A7,ON,19,ONL3R4H9,329,$408.65 ,2
N8W0A7,ON,23,ONL3R4H9,1129,$348.17 ,2
N8W0A7,ON,28,ONL3R4H9,712,$413.25 ,2
N8W0A7,ON,42,ONK7L2V7,1390,$424.58 ,2
75006,TX,41,KY41048,1980,$711.27 ,2
75006,TX,46,KY41048,1245,$474.82 ,2
28273,NC,27,KY41048,1394,$387.40 ,2
28273,NC,35,KY41048,4775,$880.55 ,2
28273,NC,40,KY41048,5467,$814.16 ,2
28273,NC,48,KY41048,5016,$913.59 ,2
N8W0A7,ON,37,ONL3R4H9,250,$347.37 ,2
N8W0A7,ON,39,ONL3R4H9,794,$404.52 ,2
N8W0A7,ON,42,ONL3R4H9,560,$402.32 ,2
N8W0A7,ON,44,ONL3R4H9,1555,$517.61 ,2
N8W0A7,ON,46,ONL3R4H9,1021,$500.20 ,2
N8W0A7,ON,1,ONL3R9X4,1965,$509.50 ,2
N8W0A7,ON,3,ONL3R9X4,341,$412.98 ,2
N8W0A7,ON,25,ONL3R9X4,676,$466.61 ,2
N8W0A7,ON,29,ONL3R9X4,516,$413.50 ,2
N8W0A7,ON,30,ONL3R9X4,3238,$879.00 ,2
55306,MN,37,KY41048,585,$368.40 ,2
55306,MN,41,KY41048,1656,$635.53 ,2
N8W0A7,ON,42,ONL3R9X4,213,$284.71 ,2
N8W0A7,ON,2,ONL3S3J1,352,$420.54 ,2
N8W0A7,ON,4,ONL3S3J1,429,$353.51 ,2
N8W0A7,ON,10,ONL3S3J1,307,$356.87 ,2
N8W0A7,ON,15,ONL3S3J1,483,$416.14 ,2
7073,NJ,22,KY41048,2095,$440.45 ,2
92880,CA,48,KY41048,848,$801.63 ,2
55306,MN,47,KY41048,2260,$555.76 ,2
75006,TX,4,KY41048,3385,"$1,070.09 ",2
75006,TX,5,KY41048,9155,"$1,925.48 ",2
75006,TX,19,KY41048,4465,"$1,269.26 ",2
75006,TX,20,KY41048,450,$263.62 ,2
75006,TX,27,KY41048,6095,"$1,715.98 ",2
75006,TX,32,KY41048,2925,$868.72 ,2
N8W0A7,ON,46,ONL4L8A3,787,$400.04 ,2
N8W0A7,ON,25,ONL3S3J1,774,$403.71 ,2
N8W0A7,ON,34,ONL3S3J1,340,$287.85 ,2
60639,IL,6,KY41048,1240,$387.98 ,2
60639,IL,13,KY41048,900,$308.53 ,2
18020,PA,30,KY41048,1036,$340.56 ,2
18020,PA,31,KY41048,1216,$375.01 ,2
18020,PA,41,KY41048,1180,$474.50 ,2
18020,PA,43,KY41048,1974,$836.32 ,2
18020,PA,51,KY41048,1771,$739.54 ,2
19061,PA,6,GA30102,640,$727.64 ,2
19061,PA,43,GA30102,2440,"$1,626.60 ",2
19061,PA,37,KY41048,2306,"$1,379.54 ",2
19061,PA,28,MO63146,638,$864.84 ,2
55306,MN,5,KY41048,3320,$884.51 ,2
55306,MN,6,KY41048,515,$286.93 ,2
N8W0A7,ON,40,ONL3S3J1,270,$347.53 ,2
N8W0A7,ON,44,ONL3S3J1,368,$281.02 ,2
N8W0A7,ON,14,ONL4H2Y7,976,"$1,052.62 ",2
N8W0A7,ON,43,ONL4H2Y7,470,$403.02 ,2
N8W0A7,ON,42,ONL4K2Y8,248,$343.53 ,2
N8W0A7,ON,12,ONL4K5B1,646,$415.03 ,2
N8W0A7,ON,22,ONL4L8A3,299,$347.33 ,2
55306,MN,42,KY41048,845,$273.34 ,2
55306,MN,43,KY41048,1810,$476.37 ,2
38133,TN,48,KY41048,3716,$674.95 ,2
60106,IL,22,KY41048,1878,$486.73 ,2
60106,IL,26,KY41048,3663,$605.82 ,2
18020,PA,3,KY41048,1599,$611.95 ,2
18020,PA,4,KY41048,1571,$575.73 ,2
18020,PA,16,KY41048,3206,$649.88 ,2
N8W0A7,ON,38,ONL4L8A3,317,$390.53 ,2
N8W0A7,ON,29,ONM2R3T4,588,$413.53 ,2
N8W0A7,ON,47,ONM2R3T4,625,$399.51 ,2
N8W0A7,ON,25,ONM3B1Y8,645,$403.89 ,2
N8W0A7,ON,21,ONL4S0B8,271,$393.46 ,2
N8W0A7,ON,25,ONL4V1Y8,312,$403.88 ,2
N8W0A7,ON,26,ONL4V1Y8,749,$533.41 ,2
N8W0A7,ON,28,ONL4V1Y8,2045,$703.19 ,2
N8W0A7,ON,31,ONL4V1Y8,2310,$750.20 ,2
N8W0A7,ON,14,ONL4Z1X2,379,$416.83 ,2
N8W0A7,ON,28,ONL4Z1X2,204,$352.57 ,2
N8W0A7,ON,34,ONL5B1M5,273,$362.68 ,2
N8W0A7,ON,39,ONL5L5Y7,534,$403.51 ,2
N8W0A7,ON,16,ONL6S6H2,154,$287.58 ,2
N8W0A7,ON,22,ONL6S6H2,572,$406.33 ,2
N8W0A7,ON,34,ONL6S6H2,333,$504.06 ,2
N8W0A7,ON,48,ONL6S6H2,447,$398.34 ,2
N8W0A7,ON,23,ONM9W1L2,195,$335.46 ,2
N8W0A7,ON,50,ONM9W1L2,2130,$622.15 ,2
N8W0A7,ON,3,ONM9W1N1,509,$415.19 ,2
N8W0A7,ON,10,ONM9W5S6,408,$349.78 ,2
N8W0A7,ON,25,ONL6T5M7,955,$404.13 ,2
N8W0A7,ON,45,ONL7G0L7,445,$621.75 ,2
N8W0A7,ON,1,ONL7N3N4,576,$469.65 ,2
N8W0A7,ON,22,ONL7T0B7,136,$628.16 ,2
N8W0A7,ON,44,ONM1B2K4,596,$397.15 ,2
N8W0A7,ON,10,ONM1P2L6,1338,$418.55 ,2
N8W0A7,ON,23,ONM1P2L6,1484,$408.54 ,2
N8W0A7,ON,29,ONM1P2L6,561,$413.49 ,2
N8W0A7,ON,33,ONM1P2L6,709,$406.89 ,2
N8W0A7,ON,43,ONM1P2L6,546,$402.57 ,2
N8W0A7,ON,48,ONM1P2L6,581,$339.00 ,2
N8W0A7,ON,11,ONM1V5A2,443,$672.16 ,2
38133,TN,29,KY41048,3003,$533.39 ,2
38133,TN,31,KY41048,894,$270.04 ,2
38133,TN,37,KY41048,4838,$805.96 ,2
38133,TN,39,KY41048,2968,$520.28 ,2
38133,TN,40,KY41048,2204,$453.42 ,2
38133,TN,41,KY41048,7554,"$1,038.79 ",2
N8W0A7,ON,32,ONM9W5S6,210,$287.23 ,2
N8W0A7,ON,26,ONM3B1Y8,2277,$718.38 ,2
N8W0A7,ON,30,ONM3B1Y8,349,$347.90 ,2
N8W0A7,ON,37,ONM3B1Y8,398,$347.58 ,2
N8W0A7,ON,39,ONM3B1Y8,713,$405.29 ,2
N8W0A7,ON,40,ONM3B1Y8,608,$407.49 ,2
N8W0A7,ON,42,ONM3B1Y8,354,$403.48 ,2
N8W0A7,ON,48,ONM5B1W8,310,$397.29 ,2
N8W0A7,ON,43,ONM6B1S9,725,$403.03 ,2
N8W0A7,ON,15,ONM9W1L2,294,$353.77 ,2
38133,TN,7,KY41048,1918,$426.95 ,2
38133,TN,14,KY41048,7047,"$1,052.41 ",2
38133,TN,16,KY41048,4329,$731.38 ,2
38133,TN,17,KY41048,6737,$973.21 ,2
N8W0A7,ON,30,ONN7T6S3,507,$380.52 ,2
N8W0A7,ON,34,ONN7T6S3,456,$322.38 ,2
N8W0A7,ON,14,ONM9W5S6,186,$357.41 ,2
N8W0A7,ON,16,ONM9W5S6,590,$406.63 ,2
N8W0A7,ON,17,ONM9W5S6,678,$413.78 ,2
N8W0A7,ON,20,ONM9W5S6,349,$408.61 ,2
N8W0A7,ON,25,ONM9W5S6,632,$403.79 ,2
N8W0A7,ON,26,ONM9W5S6,340,$410.26 ,2
18020,PA,20,KY41048,906,$340.56 ,2
38133,TN,24,KY41048,5444,$974.52 ,2
38133,TN,25,KY41048,4127,$717.87 ,2
38133,TN,26,KY41048,3505,$621.00 ,2
N8W0A7,ON,29,PQG5Y3X6,345,$834.14 ,2
N8W0A7,ON,30,PQG5Y3X6,337,$939.24 ,2
N8W0A7,ON,33,ONM9W5S6,704,$407.32 ,2
N8W0A7,ON,38,ONM9W5S6,655,$403.38 ,2
N8W0A7,ON,46,ONM9W5S6,638,$341.51 ,2
N8W0A7,ON,48,ONM9W5S6,441,$340.08 ,2
N8W0A7,ON,49,ONM9W5S6,939,$394.61 ,2
N8W0A7,ON,40,ONM9W7C3,251,$347.53 ,2
N8W0A7,ON,50,ONN0G2T0,3239,"$1,412.72 ",2
N8W0A7,ON,2,ONN3E0A7,521,$429.42 ,2
N8W0A7,ON,23,ONN3H4R7,489,$416.72 ,2
38133,TN,42,KY41048,3532,$614.75 ,2
38133,TN,43,KY41048,3352,$574.10 ,2
78753,TX,33,KY41048,1080,$423.34 ,2
78753,TX,41,KY41048,1043,$432.65 ,2
78753,TX,46,KY41048,740,$603.11 ,2
N8W0A7,ON,45,PQH1E5Y7,318,$353.59 ,2
N8W0A7,ON,51,PQH1E5Y7,520,$696.70 ,2
N8W0A7,ON,28,PQH1J1A4,297,$365.23 ,2
N8W0A7,ON,11,PQH1J1X7,448,$443.97 ,2
N8W0A7,ON,31,PQH1J2V7,521,$358.71 ,2
N8W0A7,ON,35,ONN7T6S3,237,$325.92 ,2
N8W0A7,ON,47,ONN8N4Y3,884,$309.83 ,2
N8W0A7,ON,22,ONP3E3Y9,252,$840.57 ,2
N8W0A7,ON,39,ONP3E3Y9,396,$864.42 ,2
N8W0A7,ON,18,PQG1C7J8,307,$556.97 ,2
N8W0A7,ON,28,PQG1N4C2,319,$559.53 ,2
N8W0A7,ON,17,PQG1N4P4,342,$415.22 ,2
N8W0A7,ON,47,PQG2B0S6,424,$399.01 ,2
N8W0A7,ON,23,PQG2J1C8,1163,$961.56 ,2
N8W0A7,ON,22,PQG5Y3X6,593,$695.64 ,2
N8W0A7,ON,23,PQG5Y3X6,800,$799.73 ,2
N8W0A7,ON,1,PQH4S1V3,509,$450.13 ,2
N8W0A7,ON,14,PQH4S1V3,699,$443.09 ,2
N8W0A7,ON,24,PQH4S1V3,318,$429.83 ,2
N8W0A7,ON,4,PQH4T1A3,489,$439.79 ,2
N8W0A7,ON,16,PQH4T1A3,409,$359.59 ,2
N8W0A7,ON,19,PQH4T1G5,711,$522.91 ,2
N8W0A7,ON,36,PQH4T1Z8,261,$361.65 ,2
N8W0A7,ON,3,PQH4S1L5,374,$367.02 ,2
N8W0A7,ON,13,PQH4S1L5,281,$364.99 ,2
N8W0A7,ON,33,PQG5Y3X6,402,$939.87 ,2
N8W0A7,ON,10,PQG6X1L6,280,$422.82 ,2
N8W0A7,ON,22,PQH1E5Y7,240,$504.27 ,2
N8W0A7,ON,23,PQH1E5Y7,987,$651.57 ,2
N8W0A7,ON,24,PQH1E5Y7,670,$572.65 ,2
N8W0A7,ON,30,PQH1E5Y7,599,$720.40 ,2
N8W0A7,ON,32,PQH1E5Y7,759,$772.70 ,2
92801,CA,26,KY41048,3115,"$1,953.18 ",2
92801,CA,41,KY41048,4185,"$2,023.78 ",2
92801,CA,44,KY41048,2150,"$1,172.89 ",2
92801,CA,47,KY41048,4264,"$1,917.99 ",2
92801,CA,30,MBR3H0L3,520,$547.63 ,2
60502,IL,41,TX78521,2200,$987.12 ,2
60502,IL,15,WA98188,755,$938.76 ,2
78753,TX,48,FL33025,636,$433.92 ,2
78753,TX,4,KY41048,1065,$525.41 ,2
78753,TX,8,KY41048,641,$318.06 ,2
78753,TX,9,KY41048,945,$461.37 ,2
78753,TX,12,KY41048,737,$396.77 ,2
60517,IL,46,MD20735,416,$230.60 ,2
78753,TX,15,KY41048,1299,$645.12 ,2
N8W0A7,ON,29,SKS7K2K9,606,$711.72 ,2
92801,CA,39,KY41048,5347,"$2,191.63 ",2
N8W0A7,ON,49,PQH4T2A1,320,$349.10 ,2
N8W0A7,ON,4,PQH7M3L9,846,$689.76 ,2
N8W0A7,ON,37,PQH7N1A2,1178,$722.32 ,2
N8W0A7,ON,48,PQH7S2E7,386,$423.47 ,2
N8W0A7,ON,28,PQJ3V6B9,306,$365.54 ,2
N8W0A7,ON,37,PQJ4B7W1,560,$359.66 ,2
N8W0A7,ON,15,PQJ5Z3T3,166,$292.61 ,2
N8W0A7,ON,39,PQJ7N1H2,173,$430.25 ,2
N8W0A7,ON,38,PQJ7R0C3,717,$428.83 ,2
N8W0A7,ON,20,QCH3E3B3,523,$433.46 ,2
N8W0A7,ON,34,QCH4T1Z8,428,$433.25 ,2
N8W0A7,ON,16,PQH4T2A1,313,$359.56 ,2
92801,CA,36,KY41048,6125,"$2,510.44 ",2
92801,CA,35,KY41048,3600,"$1,589.79 ",2
92801,CA,31,KY41048,5870,"$2,433.10 ",2
92801,CA,30,KY41048,4610,"$1,963.68 ",2
