# Shipments,sZip,sState,cZip,cState,Weight,Charge,preferred_loc,preferred_state,differnece_distance,Estimated $,Savings
8558,N8W0A7,ON,V5G4S1,BC,4241,"$5,158.14 ",90630,CA,873,$103.14 ,"$5,055 "
10668,N8W0A7,ON,X1A1G1,NT,266,"$3,403.43 ",54942,WI,263,$103.43 ,"$3,300 "
9412,N8W0A7,ON,V5A2X4,BC,2759,"$1,928.84 ",90630,CA,871,$102.84 ,"$1,826 "
13186,N8W0A7,ON,T0E1N0,AB,287,"$1,663.92 ",54942,WI,304,$102.92 ,"$1,561 "
1204,54942,WI,41048,KY,8501,"$2,294.60 ",N8W0A7,ON,172,$884.60 ,"$1,410 "
5658,53142,WI,98072,WA,2833,"$1,654.31 ",90630,CA,710,$263.31 ,"$1,391 "
325949,53142,WI,J2C0C6,PQ,0,"$1,429.90 ",N8W0A7,ON,216,$98.90 ,"$1,331 "
8735,N8W0A7,ON,R3H0L3,MB,1605,"$1,428.93 ",54942,WI,297,$102.93 ,"$1,326 "
11874,N8W0A7,ON,V2X8G1,BC,1592,"$1,352.00 ",90630,CA,864,$103.00 ,"$1,249 "
12390,N8W0A7,ON,V5A2X4,BC,2502,"$1,337.26 ",90630,CA,871,$103.26 ,"$1,234 "
11320,N8W0A7,ON,R3H0L3,MB,1874,"$1,329.64 ",54942,WI,297,$103.64 ,"$1,226 "
8468,N8W0A7,ON,T3E6L1,AB,609,"$1,314.34 ",90630,CA,380,$103.34 ,"$1,211 "
1675,54942,WI,41048,KY,5454,"$2,004.97 ",N8W0A7,ON,172,$884.97 ,"$1,120 "
14062,N8W0A7,ON,R0A0T0,MB,109,"$1,200.11 ",54942,WI,298,$103.11 ,"$1,097 "
9453,N8W0A7,ON,V0E2S0,BC,196,"$1,199.87 ",90630,CA,574,$102.87 ,"$1,097 "
1414,54942,WI,41048,KY,6540,"$1,959.95 ",N8W0A7,ON,172,$884.95 ,"$1,075 "
830,54942,WI,41048,KY,6305,"$1,871.95 ",N8W0A7,ON,172,$884.95 ,$987 
580,54942,WI,41048,KY,8169,"$1,863.87 ",N8W0A7,ON,172,$884.87 ,$979 
8866,N8W0A7,ON,R3J3X2,MB,85,"$1,079.89 ",54942,WI,297,$102.89 ,$977 
8746,N8W0A7,ON,R3H0L3,MB,1859,"$1,069.43 ",54942,WI,297,$103.43 ,$966 
9245,N8W0A7,ON,V9W4E8,BC,143,"$1,057.41 ",90630,CA,890,$103.41 ,$954 
12254,N8W0A7,ON,V0R1H0,BC,153,"$1,054.97 ",90630,CA,914,$102.97 ,$952 
12918,N8W0A7,ON,V0C1V0,BC,150,"$1,046.82 ",90630,CA,396,$102.82 ,$944 
9673,N8W0A7,ON,S0A2P0,SK,142,$955.41 ,54942,WI,303,$103.41 ,$852 
5777,53142,WI,98072,WA,1933,"$1,114.51 ",90630,CA,710,$263.51 ,$851 
12418,N8W0A7,ON,T0K1V0,AB,148,$945.54 ,90630,CA,383,$103.54 ,$842 
8491,N8W0A7,ON,V4G0A2,BC,684,$924.13 ,90630,CA,880,$103.13 ,$821 
8850,N8W0A7,ON,V2X8G1,BC,945,$922.12 ,90630,CA,864,$103.12 ,$819 
9011,N8W0A7,ON,V6P6M9,BC,1442,$921.53 ,90630,CA,879,$103.53 ,$818 
12126,N8W0A7,ON,V2X8G1,BC,889,$919.05 ,90630,CA,864,$103.05 ,$816 
8261,N8W0A7,ON,V7A4X5,BC,903,$919.40 ,90630,CA,884,$103.40 ,$816 
12210,N8W0A7,ON,V2N1W9,BC,125,$917.43 ,90630,CA,570,$103.43 ,$814 
7789,N8W0A7,ON,V0E1B0,BC,241,$915.15 ,90630,CA,658,$103.15 ,$812 
9906,N8W0A7,ON,T6E6B4,AB,2287,$914.73 ,54942,WI,305,$103.73 ,$811 
8435,N8W0A7,ON,V2L3G1,BC,613,$910.10 ,90630,CA,568,$103.10 ,$807 
10406,N8W0A7,ON,V2X8G1,BC,1566,$907.63 ,90630,CA,864,$103.63 ,$804 
8956,N8W0A7,ON,V0A1H0,BC,151,$900.94 ,90630,CA,506,$102.94 ,$798 
10106,N8W0A7,ON,V7L3G2,BC,612,$900.43 ,90630,CA,870,$103.43 ,$797 
10162,N8W0A7,ON,V2X8G1,BC,717,$894.70 ,90630,CA,864,$103.70 ,$791 
10334,N8W0A7,ON,V2X8G1,BC,1094,$894.70 ,90630,CA,864,$103.70 ,$791 
12524,N8W0A7,ON,V5A2X4,BC,902,$892.67 ,90630,CA,871,$103.67 ,$789 
12453,N8W0A7,ON,S0A0X0,SK,110,$887.43 ,54942,WI,304,$103.43 ,$784 
8536,N8W0A7,ON,V8C2H2,BC,252,$884.86 ,90630,CA,725,$102.86 ,$782 
11169,N8W0A7,ON,V0B2G1,BC,507,$884.65 ,90630,CA,494,$103.65 ,$781 
11004,N8W0A7,ON,V2N1W9,BC,124,$881.75 ,90630,CA,570,$103.75 ,$778 
1111,54942,WI,41048,KY,4520,"$1,655.46 ",N8W0A7,ON,172,$884.46 ,$771 
13840,N8W0A7,ON,V3Z1A1,BC,666,$866.12 ,90630,CA,862,$103.12 ,$763 
10417,N8W0A7,ON,V8J3Y1,BC,263,$866.18 ,90630,CA,746,$103.18 ,$763 
8996,N8W0A7,ON,T0P1C0,AB,145,$858.94 ,54942,WI,287,$102.94 ,$756 
7599,N8W0A7,ON,V0J3A2,BC,95,$857.68 ,90630,CA,597,$103.68 ,$754 
13775,N8W0A7,ON,V0B2G1,BC,302,$852.63 ,90630,CA,494,$103.63 ,$749 
202623,54942,WI,H3S2G5,PQ,0,$834.87 ,N8W0A7,ON,217,$88.87 ,$746 
12663,N8W0A7,ON,T0M2A0,AB,273,$831.64 ,54942,WI,309,$103.64 ,$728 
10949,N8W0A7,ON,T0E0Y0,AB,115,$830.45 ,90630,CA,443,$103.45 ,$727 
9460,N8W0A7,ON,V2N1W9,BC,120,$829.61 ,90630,CA,570,$103.61 ,$726 
9569,N8W0A7,ON,V2N1W9,BC,110,$820.49 ,90630,CA,570,$103.49 ,$717 
8352,N8W0A7,ON,V9R4Z4,BC,110,$811.60 ,90630,CA,909,$103.60 ,$708 
8798,N8W0A7,ON,V6K3G8,BC,316,$788.00 ,90630,CA,876,$103.00 ,$685 
11090,N8W0A7,ON,V1R4W6,BC,168,$787.68 ,90630,CA,671,$103.68 ,$684 
13080,N8W0A7,ON,V2W1E2,BC,202,$763.90 ,90630,CA,856,$102.90 ,$661 
8864,N8W0A7,ON,R3H0L2,MB,202,$760.11 ,54942,WI,297,$103.11 ,$657 
7847,N8W0A7,ON,V6K3G8,BC,143,$752.42 ,90630,CA,876,$103.42 ,$649 
12892,N8W0A7,ON,R0J1H0,MB,89,$743.29 ,54942,WI,301,$103.29 ,$640 
10900,N8W0A7,ON,V0B2G1,BC,274,$727.38 ,90630,CA,494,$103.38 ,$624 
9337,N8W0A7,ON,V9N6H4,BC,133,$721.68 ,90630,CA,906,$103.68 ,$618 
9730,N8W0A7,ON,V2X8G1,BC,716,$713.22 ,90630,CA,864,$103.22 ,$610 
8270,N8W0A7,ON,T0M2A0,AB,95,$711.62 ,54942,WI,309,$103.62 ,$608 
11904,N8W0A7,ON,V0B1H0,BC,229,$710.31 ,90630,CA,476,$103.31 ,$607 
11757,N8W0A7,ON,T3J2R2,AB,226,$706.13 ,90630,CA,367,$103.13 ,$603 
9861,N8W0A7,ON,V8M2A4,BC,339,$697.11 ,90630,CA,933,$103.11 ,$594 
12057,N8W0A7,ON,V8L5V6,BC,268,$697.14 ,90630,CA,928,$103.14 ,$594 
10480,N8W0A7,ON,R3H0L3,MB,960,$691.73 ,54942,WI,297,$103.73 ,$588 
8392,N8W0A7,ON,R3T2N2,MB,720,$689.90 ,54942,WI,297,$102.90 ,$587 
8390,N8W0A7,ON,S4P4W4,SK,131,$690.65 ,54942,WI,308,$103.65 ,$587 
7905,N8W0A7,ON,T1Y7G4,AB,893,$687.42 ,90630,CA,371,$103.42 ,$584 
12951,N8W0A7,ON,R3H0L3,MB,524,$687.11 ,54942,WI,297,$103.11 ,$584 
13682,N8W0A7,ON,V0B1H0,BC,328,$683.49 ,90630,CA,476,$103.49 ,$580 
13850,N8W0A7,ON,R3H0L3,MB,781,$679.19 ,54942,WI,297,$103.19 ,$576 
13365,N8W0A7,ON,R0A1C0,MB,114,$676.41 ,54942,WI,298,$103.41 ,$573 
7546,N8W0A7,ON,T6T0N4,AB,169,$673.12 ,54942,WI,305,$103.12 ,$570 
7606,N8W0A7,ON,V2C6X2,BC,200,$671.69 ,90630,CA,673,$103.69 ,$568 
12323,N8W0A7,ON,T2E8Z9,AB,664,$669.14 ,90630,CA,370,$103.14 ,$566 
14100,N8W0A7,ON,R3H0L3,MB,776,$668.49 ,54942,WI,297,$103.49 ,$565 
7881,N8W0A7,ON,R3H0L3,MB,920,$662.04 ,54942,WI,297,$103.04 ,$559 
9017,N8W0A7,ON,T2S2V1,AB,433,$662.69 ,90630,CA,376,$103.69 ,$559 
9201,N8W0A7,ON,T0H0C0,AB,181,$660.91 ,90630,CA,381,$102.91 ,$558 
10326,N8W0A7,ON,T2Z5G6,AB,173,$661.50 ,90630,CA,377,$103.50 ,$558 
8675,N8W0A7,ON,V8R1J8,BC,428,$660.61 ,90630,CA,941,$103.61 ,$557 
12147,N8W0A7,ON,V1V1S1,BC,246,$652.02 ,90630,CA,690,$103.02 ,$549 
9615,N8W0A7,ON,T0H0C0,AB,547,$647.22 ,90630,CA,381,$103.22 ,$544 
11899,N8W0A7,ON,T0H0W0,AB,151,$642.99 ,90630,CA,358,$102.99 ,$540 
12211,N8W0A7,ON,T0H3A0,AB,180,$643.32 ,90630,CA,326,$103.32 ,$540 
10062,N8W0A7,ON,V8R6V5,BC,153,$641.95 ,90630,CA,939,$102.95 ,$539 
13515,N8W0A7,ON,T5S1K6,AB,307,$636.51 ,54942,WI,304,$103.51 ,$533 
8873,N8W0A7,ON,S4P3J7,SK,566,$636.17 ,54942,WI,308,$103.17 ,$533 
13679,N8W0A7,ON,T2C5B3,AB,1271,$633.29 ,90630,CA,376,$103.29 ,$530 
8937,N8W0A7,ON,T0G1E0,AB,100,$633.13 ,54942,WI,300,$103.13 ,$530 
13066,N8W0A7,ON,T0H0C0,AB,530,$632.63 ,90630,CA,381,$103.63 ,$529 
9707,N8W0A7,ON,S0G0G0,SK,207,$630.77 ,54942,WI,308,$103.77 ,$527 
7758,N8W0A7,ON,S7K3M7,SK,204,$629.23 ,54942,WI,304,$103.23 ,$526 
10627,N8W0A7,ON,V1J4X3,BC,58,$629.41 ,90630,CA,376,$103.41 ,$526 
7812,N8W0A7,ON,V6C2T6,BC,450,$628.20 ,90630,CA,874,$103.20 ,$525 
10717,N8W0A7,ON,R5G1Y1,MB,378,$627.00 ,54942,WI,298,$103.00 ,$524 
10391,N8W0A7,ON,S7V1H9,SK,109,$626.77 ,54942,WI,304,$103.77 ,$523 
11418,N8W0A7,ON,S4P3J7,SK,428,$625.48 ,54942,WI,308,$103.48 ,$522 
8463,N8W0A7,ON,V0E1B0,BC,162,$625.58 ,90630,CA,658,$103.58 ,$522 
11710,N8W0A7,ON,V5A1X8,BC,211,$624.71 ,90630,CA,871,$103.71 ,$521 
10850,N8W0A7,ON,V0E1B6,BC,171,$621.03 ,90630,CA,655,$103.03 ,$518 
16119,53142,WI,98052,WA,1960,$779.66 ,90630,CA,716,$262.66 ,$517 
9726,N8W0A7,ON,V6H3N1,BC,179,$618.84 ,90630,CA,877,$102.84 ,$516 
9899,N8W0A7,ON,V6B1P2,BC,87,$618.17 ,90630,CA,874,$103.17 ,$515 
5610,54942,WI,70123,LA,2464,"$1,198.29 ",53142,WI,113,$685.29 ,$513 
13096,N8W0A7,ON,V3T5X3,BC,181,$616.26 ,90630,CA,872,$103.26 ,$513 
12551,N8W0A7,ON,V6J1Y5,BC,416,$615.24 ,90630,CA,876,$103.24 ,$512 
10167,N8W0A7,ON,V4N4C1,BC,573,$613.42 ,90630,CA,867,$103.42 ,$510 
10119,N8W0A7,ON,V6A3Z7,BC,87,$611.93 ,90630,CA,874,$102.93 ,$509 
12596,N8W0A7,ON,V3R9K2,BC,126,$610.64 ,90630,CA,871,$103.64 ,$507 
12937,N8W0A7,ON,V0E1B6,BC,167,$609.81 ,90630,CA,655,$102.81 ,$507 
9209,N8W0A7,ON,V0J2N0,BC,172,$610.14 ,90630,CA,645,$103.14 ,$507 
12516,N8W0A7,ON,V6G3E2,BC,196,$609.74 ,90630,CA,873,$103.74 ,$506 
12427,N8W0A7,ON,V6B3K9,BC,167,$609.73 ,90630,CA,874,$103.73 ,$506 
10330,N8W0A7,ON,T0K1V0,AB,104,$603.11 ,90630,CA,383,$103.11 ,$500 
13251,N8W0A7,ON,V5K5J3,BC,168,$603.17 ,90630,CA,871,$103.17 ,$500 
8777,N8W0A7,ON,T0H3A0,AB,152,$599.83 ,90630,CA,326,$102.83 ,$497 
13208,N8W0A7,ON,V6G3E2,BC,321,$599.99 ,90630,CA,873,$102.99 ,$497 
12513,N8W0A7,ON,V2T3P5,BC,161,$596.36 ,90630,CA,863,$103.36 ,$493 
9048,N8W0A7,ON,V6K3G8,BC,215,$593.48 ,90630,CA,876,$103.48 ,$490 
10005,N8W0A7,ON,R0H0H0,MB,214,$592.45 ,54942,WI,299,$103.45 ,$489 
12220,N8W0A7,ON,R3H0L2,MB,181,$587.79 ,54942,WI,297,$103.79 ,$484 
11711,N8W0A7,ON,R3H0L2,MB,207,$584.08 ,54942,WI,297,$103.08 ,$481 
13868,N8W0A7,ON,V0E1B6,BC,167,$581.52 ,90630,CA,655,$103.52 ,$478 
10790,N8W0A7,ON,T0B1V0,AB,155,$581.25 ,54942,WI,305,$103.25 ,$478 
8412,N8W0A7,ON,V9A7N2,BC,97,$580.59 ,90630,CA,940,$103.59 ,$477 
10376,N8W0A7,ON,V6Z0E5,BC,122,$577.54 ,90630,CA,877,$103.54 ,$474 
14094,N8W0A7,ON,T0K1V0,AB,100,$576.97 ,90630,CA,383,$102.97 ,$474 
10457,N8W0A7,ON,V5G2N8,BC,68,$576.38 ,90630,CA,873,$103.38 ,$473 
12829,N8W0A7,ON,R3T6G2,MB,142,$575.18 ,54942,WI,297,$103.18 ,$472 
12396,N8W0A7,ON,T8X0B4,AB,294,$566.86 ,90630,CA,362,$102.86 ,$464 
9414,N8W0A7,ON,T0K1V0,AB,121,$565.89 ,90630,CA,383,$102.89 ,$463 
11706,N8W0A7,ON,T3J3R2,AB,591,$564.44 ,90630,CA,368,$103.44 ,$461 
11997,N8W0A7,ON,T6H5G8,AB,277,$563.49 ,54942,WI,304,$103.49 ,$460 
13696,N8W0A7,ON,V3A7E9,BC,111,$559.06 ,90630,CA,871,$103.06 ,$456 
11952,N8W0A7,ON,T9V2K2,AB,258,$556.14 ,54942,WI,303,$103.14 ,$453 
8382,N8W0A7,ON,R3H1C8,MB,198,$545.72 ,54942,WI,297,$103.72 ,$442 
10712,N8W0A7,ON,V3M5K3,BC,87,$545.59 ,90630,CA,874,$103.59 ,$442 
9486,N8W0A7,ON,V3M6Z9,BC,1228,$544.86 ,90630,CA,877,$102.86 ,$442 
8589,N8W0A7,ON,T5L2T3,AB,110,$543.10 ,54942,WI,304,$103.10 ,$440 
8264,N8W0A7,ON,T2E6Z8,AB,213,$539.30 ,90630,CA,368,$103.30 ,$436 
15979,54942,WI,33166,FL,1156,$536.30 ,N8W0A7,ON,209,$103.30 ,$433 
11350,N8W0A7,ON,R3T5S3,MB,603,$535.55 ,54942,WI,298,$103.55 ,$432 
11483,N8W0A7,ON,R3B1K9,MB,111,$535.53 ,54942,WI,297,$103.53 ,$432 
8840,N8W0A7,ON,T2M1G8,AB,192,$525.74 ,90630,CA,376,$103.74 ,$422 
10053,N8W0A7,ON,T3K0R1,AB,1568,$524.53 ,90630,CA,367,$103.53 ,$421 
10669,N8W0A7,ON,T2E3A7,AB,136,$524.52 ,90630,CA,373,$103.52 ,$421 
15935,54942,WI,43125,OH,4000,$522.99 ,N8W0A7,ON,254,$102.99 ,$420 
14453,54942,WI,8857,NJ,3241,$519.71 ,N8W0A7,ON,305,$103.71 ,$416 
13116,N8W0A7,ON,T2N0L6,AB,519,$517.07 ,90630,CA,378,$103.07 ,$414 
7587,N8W0A7,ON,V9A2N4,BC,101,$515.66 ,90630,CA,943,$103.66 ,$412 
13966,N8W0A7,ON,R3H0J9,MB,145,$513.85 ,54942,WI,297,$102.85 ,$411 
10273,N8W0A7,ON,R3C1A3,MB,127,$513.87 ,54942,WI,297,$102.87 ,$411 
7851,N8W0A7,ON,T3M2P8,AB,106,$512.87 ,90630,CA,378,$102.87 ,$410 
10314,N8W0A7,ON,T8L2P3,AB,938,$513.24 ,54942,WI,303,$103.24 ,$410 
12314,N8W0A7,ON,R3G2W4,MB,175,$511.19 ,54942,WI,297,$103.19 ,$408 
7869,N8W0A7,ON,T2G1W4,AB,227,$510.34 ,90630,CA,377,$103.34 ,$407 
11118,N8W0A7,ON,T2P5P7,AB,166,$509.77 ,90630,CA,376,$103.77 ,$406 
7697,N8W0A7,ON,V2R4R7,BC,211,$507.12 ,90630,CA,850,$103.12 ,$404 
12856,N8W0A7,ON,R3H0L2,MB,208,$506.82 ,54942,WI,297,$102.82 ,$404 
9930,90630,CA,33025,FL,355,$504.67 ,N8W0A7,ON,1189,$103.67 ,$401 
12838,90630,CA,33025,FL,550,$503.72 ,N8W0A7,ON,1189,$103.72 ,$400 
11070,N8W0A7,ON,V6K3G8,BC,208,$500.77 ,90630,CA,876,$103.77 ,$397 
13119,N8W0A7,ON,R3H0L2,MB,202,$499.69 ,54942,WI,297,$103.69 ,$396 
12764,N8W0A7,ON,T2E6J7,AB,146,$498.62 ,90630,CA,373,$103.62 ,$395 
10652,N8W0A7,ON,T6X0W8,AB,124,$497.07 ,54942,WI,305,$103.07 ,$394 
10959,N8W0A7,ON,T6B3N3,AB,173,$497.07 ,54942,WI,304,$103.07 ,$394 
9652,N8W0A7,ON,S4P2E2,SK,175,$497.25 ,54942,WI,308,$103.25 ,$394 
7868,N8W0A7,ON,V3T6P3,BC,191,$491.62 ,90630,CA,871,$103.62 ,$388 
9733,N8W0A7,ON,V5A2X4,BC,765,$490.15 ,90630,CA,871,$103.15 ,$387 
7896,N8W0A7,ON,V5A2X4,BC,359,$487.85 ,90630,CA,871,$102.85 ,$385 
7918,N8W0A7,ON,V6A1E1,BC,459,$488.15 ,90630,CA,873,$103.15 ,$385 
11143,N8W0A7,ON,T6X0V1,AB,187,$488.12 ,54942,WI,305,$103.12 ,$385 
7746,N8W0A7,ON,V6C2T6,BC,144,$488.61 ,90630,CA,874,$103.61 ,$385 
11232,N8W0A7,ON,T7V1V7,AB,90,$487.54 ,90630,CA,406,$103.54 ,$384 
8287,N8W0A7,ON,V5A4T2,BC,269,$485.92 ,90630,CA,869,$102.92 ,$383 
8632,N8W0A7,ON,V5A1X8,BC,477,$484.90 ,90630,CA,871,$102.90 ,$382 
9170,N8W0A7,ON,V4N4C1,BC,118,$482.87 ,90630,CA,867,$102.87 ,$380 
7540,N8W0A7,ON,V7A4X5,BC,100,$481.99 ,90630,CA,884,$102.99 ,$379 
7909,N8W0A7,ON,V5A1S8,BC,154,$481.99 ,90630,CA,870,$102.99 ,$379 
8720,N8W0A7,ON,V5L0C7,BC,159,$482.55 ,90630,CA,872,$103.55 ,$379 
7679,N8W0A7,ON,V6X1A2,BC,312,$482.38 ,90630,CA,883,$103.38 ,$379 
7772,N8W0A7,ON,V1M3B7,BC,227,$481.69 ,90630,CA,867,$103.69 ,$378 
7940,N8W0A7,ON,S4V3A4,SK,107,$480.80 ,54942,WI,308,$102.80 ,$378 
9233,N8W0A7,ON,V3Z3S9,BC,87,$481.58 ,90630,CA,861,$103.58 ,$378 
7641,N8W0A7,ON,V3T2W6,BC,346,$481.44 ,90630,CA,871,$103.44 ,$378 
7603,N8W0A7,ON,S3N2V7,SK,300,$480.81 ,54942,WI,303,$102.81 ,$378 
9237,N8W0A7,ON,V2X8G1,BC,494,$481.11 ,90630,CA,864,$103.11 ,$378 
12591,N8W0A7,ON,T6X0V1,AB,500,$480.99 ,54942,WI,305,$102.99 ,$378 
13169,N8W0A7,ON,T7Z1L4,AB,128,$480.72 ,54942,WI,305,$103.72 ,$377 
10881,N8W0A7,ON,V3W3B2,BC,232,$479.81 ,90630,CA,875,$102.81 ,$377 
11155,N8W0A7,ON,V5C4B1,BC,433,$479.99 ,90630,CA,872,$102.99 ,$377 
10593,N8W0A7,ON,V4N4C1,BC,237,$479.26 ,90630,CA,867,$103.26 ,$376 
10752,N8W0A7,ON,V3N4X8,BC,149,$479.64 ,90630,CA,874,$103.64 ,$376 
10801,N8W0A7,ON,V7Y1G5,BC,107,$479.43 ,90630,CA,874,$103.43 ,$376 
10822,N8W0A7,ON,V2X8G1,BC,321,$479.27 ,90630,CA,864,$103.27 ,$376 
10756,N8W0A7,ON,V3K6Y7,BC,442,$479.27 ,90630,CA,869,$103.27 ,$376 
7790,N8W0A7,ON,V3S7A4,BC,100,$478.27 ,90630,CA,871,$103.27 ,$375 
9704,N8W0A7,ON,V2X8G1,BC,342,$478.01 ,90630,CA,864,$103.01 ,$375 
8396,N8W0A7,ON,V6V3A4,BC,232,$478.29 ,90630,CA,880,$103.29 ,$375 
9853,N8W0A7,ON,V4N4C1,BC,126,$478.01 ,90630,CA,867,$103.01 ,$375 
8290,N8W0A7,ON,S7K3P1,SK,150,$476.76 ,54942,WI,304,$103.76 ,$373 
10863,N8W0A7,ON,V2X1G8,BC,338,$476.14 ,90630,CA,864,$103.14 ,$373 
9441,N8W0A7,ON,V5A1X8,BC,459,$475.18 ,90630,CA,871,$103.18 ,$372 
10729,N8W0A7,ON,V4N4X5,BC,171,$474.43 ,90630,CA,867,$103.43 ,$371 
11825,N8W0A7,ON,V3S5X7,BC,254,$473.87 ,90630,CA,876,$102.87 ,$371 
9898,N8W0A7,ON,V1M3C9,BC,88,$474.27 ,90630,CA,866,$103.27 ,$371 
12285,N8W0A7,ON,V7B1L5,BC,430,$473.86 ,90630,CA,882,$102.86 ,$371 
10459,N8W0A7,ON,V3K6Y7,BC,150,$473.99 ,90630,CA,869,$102.99 ,$371 
11638,N8W0A7,ON,V2X8G1,BC,347,$474.29 ,90630,CA,864,$103.29 ,$371 
9635,N8W0A7,ON,V5X1X8,BC,275,$473.31 ,90630,CA,878,$103.31 ,$370 
9868,N8W0A7,ON,V5A1X8,BC,181,$472.97 ,90630,CA,871,$102.97 ,$370 
10582,N8W0A7,ON,V7A4E9,BC,370,$473.01 ,90630,CA,884,$103.01 ,$370 
9866,N8W0A7,ON,V6V3A4,BC,147,$473.31 ,90630,CA,880,$103.31 ,$370 
11443,N8W0A7,ON,V7J1E4,BC,311,$473.14 ,90630,CA,870,$103.14 ,$370 
12005,N8W0A7,ON,V6X2P4,BC,140,$472.86 ,90630,CA,880,$102.86 ,$370 
9495,N8W0A7,ON,V6A1E1,BC,230,$472.61 ,90630,CA,873,$103.61 ,$369 
12939,N8W0A7,ON,V4G1E4,BC,131,$472.66 ,90630,CA,879,$103.66 ,$369 
9494,N8W0A7,ON,V5A2X4,BC,130,$471.99 ,90630,CA,871,$102.99 ,$369 
9456,N8W0A7,ON,V2W1B7,BC,377,$472.03 ,90630,CA,862,$103.03 ,$369 
11153,N8W0A7,ON,V4N4C1,BC,231,$472.52 ,90630,CA,867,$103.52 ,$369 
11432,N8W0A7,ON,V2X8G1,BC,810,$472.47 ,90630,CA,864,$103.47 ,$369 
11492,N8W0A7,ON,V6A1E1,BC,268,$472.59 ,90630,CA,873,$103.59 ,$369 
9503,N8W0A7,ON,V5B2Z9,BC,384,$472.61 ,90630,CA,871,$103.61 ,$369 
12408,N8W0A7,ON,V6A1E1,BC,193,$472.64 ,90630,CA,873,$103.64 ,$369 
12780,N8W0A7,ON,V3W7X4,BC,163,$472.66 ,90630,CA,875,$103.66 ,$369 
11251,N8W0A7,ON,V1M3G4,BC,102,$472.36 ,90630,CA,866,$103.36 ,$369 
11410,N8W0A7,ON,V5Y1Y4,BC,644,$472.48 ,90630,CA,876,$103.48 ,$369 
11557,N8W0A7,ON,V6A1E1,BC,225,$472.49 ,90630,CA,873,$103.49 ,$369 
11958,N8W0A7,ON,V3K6Y7,BC,302,$472.03 ,90630,CA,869,$103.03 ,$369 
11860,N8W0A7,ON,V4A2H9,BC,198,$472.61 ,90630,CA,880,$103.61 ,$369 
9308,N8W0A7,ON,V5M1Z9,BC,139,$470.84 ,90630,CA,873,$102.84 ,$368 
7583,N8W0A7,ON,S4P0J5,SK,237,$471.39 ,54942,WI,308,$103.39 ,$368 
11188,N8W0A7,ON,V2X8G1,BC,344,$471.69 ,90630,CA,864,$103.69 ,$368 
11453,N8W0A7,ON,V4N4C1,BC,131,$471.69 ,90630,CA,867,$103.69 ,$368 
11265,N8W0A7,ON,V5A1X8,BC,144,$470.24 ,90630,CA,871,$103.24 ,$367 
12484,N8W0A7,ON,V2X8H1,BC,161,$470.39 ,90630,CA,861,$103.39 ,$367 
12528,N8W0A7,ON,V3K6Y7,BC,103,$470.48 ,90630,CA,869,$103.48 ,$367 
12942,N8W0A7,ON,V2X8G1,BC,400,$470.48 ,90630,CA,864,$103.48 ,$367 
9997,N8W0A7,ON,V4N4C1,BC,113,$468.89 ,90630,CA,867,$102.89 ,$366 
10767,N8W0A7,ON,S7K2K9,SK,553,$469.09 ,54942,WI,304,$103.09 ,$366 
11646,N8W0A7,ON,V3M6K8,BC,120,$469.47 ,90630,CA,877,$103.47 ,$366 
10439,N8W0A7,ON,V4W0A3,BC,210,$469.45 ,90630,CA,867,$103.45 ,$366 
9952,N8W0A7,ON,V5A2X4,BC,91,$469.49 ,90630,CA,871,$103.49 ,$366 
10400,N8W0A7,ON,V7R4K9,BC,104,$469.46 ,90630,CA,867,$103.46 ,$366 
16023,53142,WI,98072,WA,869,$629.31 ,90630,CA,710,$263.31 ,$366 
11305,N8W0A7,ON,V2X8G1,BC,471,$469.47 ,90630,CA,864,$103.47 ,$366 
11392,N8W0A7,ON,V5A1X8,BC,257,$469.47 ,90630,CA,871,$103.47 ,$366 
12662,N8W0A7,ON,V5K4R1,BC,134,$469.71 ,90630,CA,872,$103.71 ,$366 
10285,N8W0A7,ON,V4K0C2,BC,202,$469.44 ,90630,CA,885,$103.44 ,$366 
12080,N8W0A7,ON,V6V0A3,BC,236,$468.41 ,90630,CA,880,$103.41 ,$365 
12089,N8W0A7,ON,V2X8G1,BC,324,$468.39 ,90630,CA,864,$103.39 ,$365 
13609,N8W0A7,ON,T6X0V1,AB,134,$467.88 ,54942,WI,305,$102.88 ,$365 
10057,N8W0A7,ON,V4N4C1,BC,117,$468.59 ,90630,CA,867,$103.59 ,$365 
12908,N8W0A7,ON,V3M5K3,BC,124,$468.20 ,90630,CA,874,$103.20 ,$365 
12127,N8W0A7,ON,V6A0B3,BC,130,$468.32 ,90630,CA,873,$103.32 ,$365 
10471,N8W0A7,ON,V5G4S1,BC,343,$468.79 ,90630,CA,873,$103.79 ,$365 
9969,N8W0A7,ON,V7C5K1,BC,120,$468.79 ,90630,CA,884,$103.79 ,$365 
11906,N8W0A7,ON,V2X8G1,BC,205,$468.07 ,90630,CA,864,$103.07 ,$365 
12684,N8W0A7,ON,V5G4S4,BC,210,$468.38 ,90630,CA,872,$103.38 ,$365 
11959,N8W0A7,ON,V5A2X4,BC,968,$468.38 ,90630,CA,871,$103.38 ,$365 
9976,N8W0A7,ON,T0J0M0,AB,78,$467.40 ,90630,CA,357,$103.40 ,$364 
12469,N8W0A7,ON,V7A4X5,BC,247,$466.92 ,90630,CA,884,$102.92 ,$364 
10066,N8W0A7,ON,S4R1W5,SK,147,$466.44 ,54942,WI,308,$103.44 ,$363 
12708,N8W0A7,ON,V2X8G1,BC,398,$466.46 ,90630,CA,864,$103.46 ,$363 
12415,N8W0A7,ON,T5J5C6,AB,123,$464.11 ,54942,WI,304,$103.11 ,$361 
13546,N8W0A7,ON,V2X8G1,BC,202,$464.66 ,90630,CA,864,$103.66 ,$361 
13533,N8W0A7,ON,V4W2Z6,BC,260,$464.12 ,90630,CA,869,$103.12 ,$361 
10114,N8W0A7,ON,S6V6K1,SK,181,$462.92 ,54942,WI,298,$102.92 ,$360 
14101,N8W0A7,ON,V6P6M9,BC,540,$463.44 ,90630,CA,879,$103.44 ,$360 
13227,N8W0A7,ON,V2X8G1,BC,320,$463.43 ,90630,CA,864,$103.43 ,$360 
13659,N8W0A7,ON,V2X8G1,BC,661,$463.46 ,90630,CA,864,$103.46 ,$360 
13421,N8W0A7,ON,V2X8G1,BC,200,$462.48 ,90630,CA,864,$103.48 ,$359 
9748,N8W0A7,ON,S4P0W5,SK,123,$462.56 ,54942,WI,308,$103.56 ,$359 
13408,N8W0A7,ON,V3K6Y7,BC,362,$462.48 ,90630,CA,869,$103.48 ,$359 
13911,N8W0A7,ON,V2X8G1,BC,340,$461.16 ,90630,CA,864,$103.16 ,$358 
13299,N8W0A7,ON,V5A2X4,BC,650,$461.58 ,90630,CA,871,$103.58 ,$358 
13922,N8W0A7,ON,V5A1S8,BC,269,$461.17 ,90630,CA,870,$103.17 ,$358 
13677,N8W0A7,ON,V5A2X4,BC,424,$461.77 ,90630,CA,871,$103.77 ,$358 
13839,N8W0A7,ON,V6V0A3,BC,146,$461.77 ,90630,CA,880,$103.77 ,$358 
13128,N8W0A7,ON,V4N0E8,BC,183,$460.04 ,90630,CA,871,$103.04 ,$357 
11913,N8W0A7,ON,V2T6G7,BC,185,$460.79 ,90630,CA,865,$103.79 ,$357 
11386,N8W0A7,ON,T0M2A0,AB,80,$459.49 ,54942,WI,309,$103.49 ,$356 
10393,N8W0A7,ON,S4P0H6,SK,182,$458.27 ,54942,WI,308,$103.27 ,$355 
12317,N8W0A7,ON,S4P1J4,SK,158,$456.69 ,54942,WI,308,$103.69 ,$353 
13869,N8W0A7,ON,V4N0E8,BC,141,$455.04 ,90630,CA,871,$103.04 ,$352 
14090,N8W0A7,ON,V3M6V5,BC,177,$454.74 ,90630,CA,877,$103.74 ,$351 
13816,N8W0A7,ON,V4W0C7,BC,214,$454.19 ,90630,CA,865,$103.19 ,$351 
13751,N8W0A7,ON,V4K3E1,BC,80,$454.74 ,90630,CA,886,$103.74 ,$351 
13552,N8W0A7,ON,S7K3J7,SK,255,$452.86 ,54942,WI,304,$102.86 ,$350 
10179,N8W0A7,ON,R0C0A0,MB,105,$451.60 ,54942,WI,289,$103.60 ,$348 
14067,N8W0A7,ON,V5G4V8,BC,310,$450.35 ,90630,CA,873,$103.35 ,$347 
13628,N8W0A7,ON,V3B0M2,BC,209,$450.35 ,90630,CA,861,$103.35 ,$347 
13655,N8W0A7,ON,V7J1E4,BC,134,$449.75 ,90630,CA,870,$103.75 ,$346 
13859,N8W0A7,ON,V2X8G1,BC,686,$448.76 ,90630,CA,864,$103.76 ,$345 
13503,N8W0A7,ON,R3C0L5,MB,190,$446.84 ,54942,WI,297,$102.84 ,$344 
7863,N8W0A7,ON,V2W1E7,BC,63,$444.84 ,90630,CA,858,$102.84 ,$342 
13455,N8W0A7,ON,T2C4C3,AB,211,$445.50 ,90630,CA,377,$103.50 ,$342 
14074,N8W0A7,ON,S4P3Y3,SK,167,$440.78 ,54942,WI,308,$103.78 ,$337 
11186,N8W0A7,ON,V2X8G1,BC,303,$439.98 ,90630,CA,864,$102.98 ,$337 
14013,N8W0A7,ON,S7M0W8,SK,258,$439.85 ,54942,WI,304,$102.85 ,$337 
11398,N8W0A7,ON,V2X8G1,BC,303,$439.98 ,90630,CA,864,$102.98 ,$337 
15940,54942,WI,33169,FL,764,$440.59 ,N8W0A7,ON,210,$103.59 ,$337 
15823,53142,WI,85284,AZ,927,$439.43 ,90630,CA,1101,$103.43 ,$336 
15808,53142,WI,21287,MD,1316,$437.91 ,N8W0A7,ON,237,$102.91 ,$335 
16104,53142,WI,98072,WA,1342,$592.66 ,90630,CA,710,$263.66 ,$329 
7952,N8W0A7,ON,V4N3S4,BC,120,$432.45 ,90630,CA,867,$103.45 ,$329 
10601,N8W0A7,ON,V5A1X8,BC,159,$430.75 ,90630,CA,871,$103.75 ,$327 
15869,53142,WI,28273,NC,1753,$429.46 ,N8W0A7,ON,132,$103.46 ,$326 
10015,N8W0A7,ON,V3K6Y7,BC,116,$429.58 ,90630,CA,869,$103.58 ,$326 
8425,N8W0A7,ON,V3Z3S9,BC,217,$426.97 ,90630,CA,861,$102.97 ,$324 
8565,53142,WI,89030,NV,2030,"$1,111.95 ",90630,CA,1283,$788.95 ,$323 
11073,N8W0A7,ON,P7C1R6,ON,98,$844.83 ,54942,WI,236,$523.83 ,$321 
11224,N8W0A7,ON,T2C5B3,AB,1243,$418.38 ,90630,CA,376,$103.38 ,$315 
12067,N8W0A7,ON,V5J4S4,BC,136,$417.78 ,90630,CA,874,$103.78 ,$314 
16108,53142,WI,97209,OR,365,$751.14 ,90630,CA,887,$437.14 ,$314 
11883,N8W0A7,ON,V5T4S4,BC,85,$415.48 ,90630,CA,875,$103.48 ,$312 
13261,N8W0A7,ON,T2C5B3,AB,1237,$407.65 ,90630,CA,376,$103.65 ,$304 
13323,N8W0A7,ON,T9W1C5,AB,85,$405.44 ,54942,WI,305,$103.44 ,$302 
13265,N8W0A7,ON,V5G1H1,BC,313,$404.50 ,90630,CA,872,$103.50 ,$301 
10160,N8W0A7,ON,T3J4X8,AB,1191,$403.98 ,90630,CA,367,$102.98 ,$301 
8293,N8W0A7,ON,V2C6X2,BC,94,$397.19 ,90630,CA,673,$103.19 ,$294 
14070,N8W0A7,ON,T7E1S8,AB,110,$390.79 ,90630,CA,349,$103.79 ,$287 
12107,N8W0A7,ON,V1V1S1,BC,92,$389.24 ,90630,CA,690,$103.24 ,$286 
9345,N8W0A7,ON,T6S1A5,AB,1187,$389.14 ,54942,WI,304,$103.14 ,$286 
13160,N8W0A7,ON,V2X8G1,BC,111,$389.06 ,90630,CA,864,$103.06 ,$286 
9788,N8W0A7,ON,V2A0K2,BC,107,$386.61 ,90630,CA,729,$103.61 ,$283 
11296,N8W0A7,ON,R3H0L3,MB,237,$383.15 ,54942,WI,297,$103.15 ,$280 
9288,N8W0A7,ON,V8M2A4,BC,67,$383.16 ,90630,CA,933,$103.16 ,$280 
7970,N8W0A7,ON,T1R1B2,AB,161,$382.34 ,54942,WI,311,$103.34 ,$279 
7800,N8W0A7,ON,R3H0L3,MB,152,$382.29 ,54942,WI,297,$103.29 ,$279 
7586,N8W0A7,ON,R3J3Z2,MB,115,$381.32 ,54942,WI,297,$103.32 ,$278 
7986,N8W0A7,ON,R3H0L3,MB,206,$379.97 ,54942,WI,297,$102.97 ,$277 
8710,N8W0A7,ON,R3H0L3,MB,234,$377.01 ,54942,WI,297,$103.01 ,$274 
7884,N8W0A7,ON,R3H0L3,MB,296,$374.84 ,54942,WI,297,$102.84 ,$272 
7855,N8W0A7,ON,R3B0S1,MB,205,$375.12 ,54942,WI,297,$103.12 ,$272 
8771,N8W0A7,ON,R3H0L2,MB,188,$375.26 ,54942,WI,297,$103.26 ,$272 
11011,N8W0A7,ON,R3G0S6,MB,506,$374.27 ,54942,WI,297,$103.27 ,$271 
13683,N8W0A7,ON,S4H0B8,SK,66,$373.00 ,54942,WI,310,$103.00 ,$270 
7574,N8W0A7,ON,T1Y7J7,AB,111,$373.77 ,90630,CA,370,$103.77 ,$270 
7616,N8W0A7,ON,T2C5N6,AB,144,$373.78 ,90630,CA,375,$103.78 ,$270 
7794,N8W0A7,ON,R3H0L3,MB,548,$373.50 ,54942,WI,297,$103.50 ,$270 
7557,N8W0A7,ON,R3H0L3,MB,278,$373.50 ,54942,WI,297,$103.50 ,$270 
12386,N8W0A7,ON,T2G4E6,AB,109,$373.09 ,90630,CA,374,$103.09 ,$270 
8351,N8W0A7,ON,R3H0L3,MB,270,$372.75 ,54942,WI,297,$103.75 ,$269 
9138,N8W0A7,ON,R3H0L3,MB,413,$372.36 ,54942,WI,297,$103.36 ,$269 
11222,N8W0A7,ON,R3T1N6,MB,568,$372.02 ,54942,WI,297,$103.02 ,$269 
7857,N8W0A7,ON,T4A0E3,AB,196,$370.91 ,90630,CA,362,$102.91 ,$268 
10941,N8W0A7,ON,R3H0L2,MB,193,$370.27 ,54942,WI,297,$103.27 ,$267 
10701,N8W0A7,ON,R2K2V1,MB,307,$370.27 ,54942,WI,296,$103.27 ,$267 
8334,N8W0A7,ON,T4P3R3,AB,114,$370.35 ,54942,WI,308,$103.35 ,$267 
11520,N8W0A7,ON,R3H0L3,MB,549,$369.46 ,54942,WI,297,$103.46 ,$266 
10783,N8W0A7,ON,R3H0L3,MB,442,$368.99 ,54942,WI,297,$102.99 ,$266 
9741,N8W0A7,ON,R3R1V5,MB,137,$368.05 ,54942,WI,298,$103.05 ,$265 
8516,N8W0A7,ON,T2H3A7,AB,283,$368.63 ,90630,CA,378,$103.63 ,$265 
11076,N8W0A7,ON,R3P1A2,MB,91,$367.46 ,54942,WI,297,$103.46 ,$264 
11407,N8W0A7,ON,R2X2V4,MB,158,$366.81 ,54942,WI,297,$102.81 ,$264 
11864,N8W0A7,ON,R2R1V5,MB,122,$367.08 ,54942,WI,297,$103.08 ,$264 
11882,N8W0A7,ON,R3H0L3,MB,189,$367.07 ,54942,WI,297,$103.07 ,$264 
12121,N8W0A7,ON,R3H0L3,MB,265,$367.52 ,54942,WI,297,$103.52 ,$264 
8807,N8W0A7,ON,R3H0L3,MB,218,$367.45 ,54942,WI,297,$103.45 ,$264 
12212,N8W0A7,ON,R3H0L3,MB,218,$367.42 ,54942,WI,297,$103.42 ,$264 
8959,N8W0A7,ON,R3H0L3,MB,575,$367.75 ,54942,WI,297,$103.75 ,$264 
11750,N8W0A7,ON,R3H0L3,MB,300,$367.42 ,54942,WI,297,$103.42 ,$264 
8562,N8W0A7,ON,R1A1N3,MB,90,$367.36 ,54942,WI,294,$103.36 ,$264 
8239,N8W0A7,ON,T4A0W7,AB,93,$366.77 ,90630,CA,360,$103.77 ,$263 
7692,N8W0A7,ON,T1Y7J7,AB,178,$366.46 ,90630,CA,370,$103.46 ,$263 
7957,N8W0A7,ON,T2G4B9,AB,222,$366.76 ,90630,CA,377,$103.76 ,$263 
10517,N8W0A7,ON,T2C5B3,AB,323,$365.96 ,90630,CA,376,$102.96 ,$263 
10989,N8W0A7,ON,R3H0L3,MB,308,$366.10 ,54942,WI,297,$103.10 ,$263 
7797,N8W0A7,ON,T2E6Z8,AB,130,$366.48 ,90630,CA,368,$103.48 ,$263 
11457,N8W0A7,ON,R3H0L3,MB,544,$365.68 ,54942,WI,297,$103.68 ,$262 
10319,N8W0A7,ON,R3T0M8,MB,660,$365.09 ,54942,WI,297,$103.09 ,$262 
8834,N8W0A7,ON,T3N1B5,AB,425,$364.95 ,90630,CA,363,$102.95 ,$262 
12811,N8W0A7,ON,R3T1T2,MB,137,$365.27 ,54942,WI,297,$103.27 ,$262 
10913,N8W0A7,ON,T2C5B3,AB,310,$364.39 ,90630,CA,376,$103.39 ,$261 
12812,N8W0A7,ON,R3H0L3,MB,264,$364.11 ,54942,WI,297,$103.11 ,$261 
10130,N8W0A7,ON,R3C0L5,MB,120,$364.62 ,54942,WI,297,$103.62 ,$261 
7597,N8W0A7,ON,T2Z3X1,AB,254,$364.52 ,90630,CA,382,$103.52 ,$261 
10185,N8W0A7,ON,R3J3T2,MB,132,$364.54 ,54942,WI,297,$103.54 ,$261 
11971,N8W0A7,ON,R3J3Z2,MB,402,$363.99 ,54942,WI,297,$102.99 ,$261 
11745,N8W0A7,ON,R3H0L3,MB,269,$363.99 ,54942,WI,297,$102.99 ,$261 
9768,N8W0A7,ON,T2G5P6,AB,95,$363.43 ,90630,CA,376,$103.43 ,$260 
8767,N8W0A7,ON,T2E2W5,AB,392,$363.63 ,90630,CA,373,$103.63 ,$260 
7596,N8W0A7,ON,T2H2W9,AB,221,$363.64 ,90630,CA,378,$103.64 ,$260 
12380,N8W0A7,ON,R3H0L3,MB,271,$363.49 ,54942,WI,297,$103.49 ,$260 
10636,N8W0A7,ON,T2G2Y8,AB,94,$362.00 ,90630,CA,376,$103.00 ,$259 
7547,N8W0A7,ON,T6B2X4,AB,208,$361.89 ,54942,WI,304,$102.89 ,$259 
10075,N8W0A7,ON,T2G4C4,AB,257,$362.62 ,90630,CA,377,$103.62 ,$259 
7814,N8W0A7,ON,T6B2R8,AB,258,$361.90 ,54942,WI,305,$102.90 ,$259 
9841,N8W0A7,ON,T2C4T5,AB,487,$362.28 ,90630,CA,373,$103.28 ,$259 
10901,N8W0A7,ON,T1Y7J8,AB,114,$361.35 ,90630,CA,370,$103.35 ,$258 
13073,N8W0A7,ON,R3E3L2,MB,212,$361.35 ,54942,WI,297,$103.35 ,$258 
9462,N8W0A7,ON,T1Y7H9,AB,260,$359.86 ,90630,CA,371,$102.86 ,$257 
10431,N8W0A7,ON,T4A0X2,AB,194,$360.60 ,90630,CA,359,$103.60 ,$257 
13239,N8W0A7,ON,R3H0L3,MB,441,$360.38 ,54942,WI,297,$103.38 ,$257 
9546,N8W0A7,ON,T2A7W6,AB,211,$359.85 ,90630,CA,371,$102.85 ,$257 
16050,54942,WI,43125,OH,2740,$360.41 ,N8W0A7,ON,254,$103.41 ,$257 
13342,N8W0A7,ON,R3H0L3,MB,191,$358.93 ,54942,WI,297,$102.93 ,$256 
12184,N8W0A7,ON,T2G5P6,AB,183,$359.52 ,90630,CA,376,$103.52 ,$256 
9444,N8W0A7,ON,T2Z5G6,AB,144,$358.86 ,90630,CA,377,$102.86 ,$256 
13272,N8W0A7,ON,R3H0L3,MB,354,$358.89 ,54942,WI,297,$102.89 ,$256 
12546,N8W0A7,ON,R3H0L3,MB,404,$358.98 ,54942,WI,297,$102.98 ,$256 
9568,N8W0A7,ON,T2C5B3,AB,316,$358.86 ,90630,CA,376,$102.86 ,$256 
12719,N8W0A7,ON,R2C3L9,MB,198,$358.91 ,54942,WI,296,$102.91 ,$256 
10323,N8W0A7,ON,T2C4T5,AB,356,$359.50 ,90630,CA,373,$103.50 ,$256 
9874,N8W0A7,ON,T2C5B3,AB,450,$359.34 ,90630,CA,376,$103.34 ,$256 
11733,N8W0A7,ON,T3N1E9,AB,140,$359.33 ,90630,CA,363,$103.33 ,$256 
11942,N8W0A7,ON,T2E6J7,AB,145,$359.33 ,90630,CA,373,$103.33 ,$256 
11473,N8W0A7,ON,T2C5B3,AB,353,$359.14 ,90630,CA,376,$103.14 ,$256 
11176,N8W0A7,ON,T1X0K3,AB,290,$359.72 ,90630,CA,366,$103.72 ,$256 
11367,N8W0A7,ON,T2G4B9,AB,306,$359.32 ,90630,CA,377,$103.32 ,$256 
12085,N8W0A7,ON,T2G4B9,AB,357,$359.52 ,90630,CA,377,$103.52 ,$256 
9831,N8W0A7,ON,T2G2Y8,AB,209,$358.48 ,90630,CA,376,$103.48 ,$255 
14095,N8W0A7,ON,R3H0L3,MB,341,$358.63 ,54942,WI,297,$103.63 ,$255 
13374,N8W0A7,ON,R3H0L3,MB,126,$358.74 ,54942,WI,297,$103.74 ,$255 
13627,N8W0A7,ON,R3H0L3,MB,392,$358.63 ,54942,WI,297,$103.63 ,$255 
8814,N8W0A7,ON,T2Z5G6,AB,126,$358.51 ,90630,CA,377,$103.51 ,$255 
13256,N8W0A7,ON,R3H0L3,MB,376,$358.12 ,54942,WI,297,$103.12 ,$255 
9465,N8W0A7,ON,T3J4A1,AB,143,$357.97 ,90630,CA,366,$102.97 ,$255 
13039,N8W0A7,ON,R3T1N6,MB,754,$358.13 ,54942,WI,297,$103.13 ,$255 
13836,N8W0A7,ON,R3H0L3,MB,232,$358.63 ,54942,WI,297,$103.63 ,$255 
13083,N8W0A7,ON,R3H0L3,MB,413,$357.75 ,54942,WI,297,$103.75 ,$254 
13383,N8W0A7,ON,R3H0L3,MB,134,$357.75 ,54942,WI,297,$103.75 ,$254 
8600,N8W0A7,ON,T5S2P2,AB,259,$356.86 ,54942,WI,304,$102.86 ,$254 
10413,N8W0A7,ON,T2G3R4,AB,476,$356.92 ,90630,CA,374,$102.92 ,$254 
10047,N8W0A7,ON,T2C5B3,AB,315,$356.39 ,90630,CA,376,$103.39 ,$253 
10048,N8W0A7,ON,T2H2H9,AB,280,$356.28 ,90630,CA,378,$103.28 ,$253 
9918,N8W0A7,ON,T2G4B9,AB,240,$356.42 ,90630,CA,377,$103.42 ,$253 
12115,N8W0A7,ON,T2E8M5,AB,100,$355.88 ,90630,CA,370,$102.88 ,$253 
8762,N8W0A7,ON,T6B3R7,AB,316,$355.20 ,54942,WI,304,$103.20 ,$252 
7647,N8W0A7,ON,T6B2L8,AB,153,$355.08 ,54942,WI,304,$103.08 ,$252 
15809,53142,WI,11743,NY,385,$355.26 ,N8W0A7,ON,249,$103.26 ,$252 
7554,N8W0A7,ON,T7X6H8,AB,106,$354.83 ,54942,WI,305,$102.83 ,$252 
14377,53142,WI,21287,MD,1490,$354.62 ,N8W0A7,ON,237,$103.62 ,$251 
9115,N8W0A7,ON,T5S2E4,AB,119,$354.15 ,54942,WI,304,$103.15 ,$251 
8800,N8W0A7,ON,T5V0A6,AB,858,$354.12 ,54942,WI,304,$103.12 ,$251 
9238,N8W0A7,ON,T6B2L8,AB,444,$354.12 ,54942,WI,304,$103.12 ,$251 
9612,N8W0A7,ON,T8X0B4,AB,90,$354.27 ,90630,CA,362,$103.27 ,$251 
13898,N8W0A7,ON,R3H0L3,MB,170,$353.63 ,54942,WI,297,$103.63 ,$250 
11387,N8W0A7,ON,T5G2T4,AB,577,$353.28 ,54942,WI,304,$103.28 ,$250 
13844,N8W0A7,ON,R3H0L2,MB,202,$353.21 ,54942,WI,297,$103.21 ,$250 
8801,N8W0A7,ON,T5V1M7,AB,340,$353.19 ,54942,WI,304,$103.19 ,$250 
15752,54942,WI,8857,NJ,1618,$353.10 ,N8W0A7,ON,305,$103.10 ,$250 
10632,N8W0A7,ON,T7X6B8,AB,310,$353.19 ,54942,WI,304,$103.19 ,$250 
13325,N8W0A7,ON,T2H2H9,AB,130,$353.29 ,90630,CA,378,$103.29 ,$250 
8438,N8W0A7,ON,T5M1V9,AB,285,$352.84 ,54942,WI,304,$102.84 ,$250 
7811,N8W0A7,ON,T7X5A4,AB,218,$352.06 ,54942,WI,304,$103.06 ,$249 
8448,N8W0A7,ON,T6W0L7,AB,121,$352.17 ,54942,WI,305,$103.17 ,$249 
10295,N8W0A7,ON,T6E5L9,AB,179,$351.08 ,54942,WI,304,$103.08 ,$248 
13987,N8W0A7,ON,T2Z5G6,AB,145,$351.09 ,90630,CA,377,$103.09 ,$248 
13942,N8W0A7,ON,R3H0L3,MB,155,$351.71 ,54942,WI,297,$103.71 ,$248 
13873,N8W0A7,ON,R3H0L3,MB,275,$351.73 ,54942,WI,297,$103.73 ,$248 
12999,N8W0A7,ON,T2G4B9,AB,360,$351.56 ,90630,CA,377,$103.56 ,$248 
13050,N8W0A7,ON,T2Z4M8,AB,149,$350.94 ,90630,CA,377,$102.94 ,$248 
9623,N8W0A7,ON,T8X0B4,AB,201,$351.60 ,90630,CA,362,$103.60 ,$248 
10313,N8W0A7,ON,T6N1K6,AB,141,$351.08 ,54942,WI,305,$103.08 ,$248 
13737,N8W0A7,ON,T2H2H9,AB,137,$350.61 ,90630,CA,378,$103.61 ,$247 
10458,N8W0A7,ON,T6X0V1,AB,152,$350.57 ,54942,WI,305,$103.57 ,$247 
10272,N8W0A7,ON,T5L4P6,AB,207,$350.00 ,54942,WI,304,$103.00 ,$247 
10498,N8W0A7,ON,T5V1M7,AB,479,$349.24 ,54942,WI,304,$103.24 ,$246 
12162,N8W0A7,ON,T5S0A4,AB,570,$349.79 ,54942,WI,304,$103.79 ,$246 
10191,N8W0A7,ON,T6X0V1,AB,170,$348.90 ,54942,WI,305,$102.90 ,$246 
13025,N8W0A7,ON,T2G4B9,AB,217,$349.77 ,90630,CA,377,$103.77 ,$246 
13607,N8W0A7,ON,R2R2V7,MB,128,$349.00 ,54942,WI,297,$103.00 ,$246 
9967,N8W0A7,ON,T5G2T4,AB,591,$348.06 ,54942,WI,304,$103.06 ,$245 
11998,N8W0A7,ON,T5S0A4,AB,426,$348.08 ,54942,WI,304,$103.08 ,$245 
12066,N8W0A7,ON,T5S0A4,AB,461,$347.89 ,54942,WI,304,$102.89 ,$245 
11530,N8W0A7,ON,T6B3R7,AB,139,$348.30 ,54942,WI,304,$103.30 ,$245 
9588,N8W0A7,ON,T6B2R8,AB,177,$348.72 ,54942,WI,305,$103.72 ,$245 
12355,N8W0A7,ON,T5S0A4,AB,420,$347.33 ,54942,WI,304,$103.33 ,$244 
13953,N8W0A7,ON,T4P3R2,AB,195,$346.89 ,54942,WI,308,$102.89 ,$244 
11099,N8W0A7,ON,T7Z1N3,AB,168,$347.72 ,54942,WI,305,$103.72 ,$244 
10887,N8W0A7,ON,T6X0V1,AB,490,$346.54 ,54942,WI,305,$103.54 ,$243 
12165,N8W0A7,ON,T5S0A4,AB,357,$345.91 ,54942,WI,304,$102.91 ,$243 
10248,N8W0A7,ON,T6X0V1,AB,205,$345.58 ,54942,WI,305,$103.58 ,$242 
11181,N8W0A7,ON,T6E6B4,AB,333,$345.59 ,54942,WI,305,$103.59 ,$242 
14035,N8W0A7,ON,T1Y5E4,AB,140,$343.92 ,90630,CA,370,$102.92 ,$241 
14034,N8W0A7,ON,T2G4B9,AB,450,$343.86 ,90630,CA,377,$102.86 ,$241 
12040,N8W0A7,ON,T5V0A6,AB,850,$344.55 ,54942,WI,304,$103.55 ,$241 
12814,N8W0A7,ON,T5S0A4,AB,372,$344.06 ,54942,WI,304,$103.06 ,$241 
12698,N8W0A7,ON,T8N3T5,AB,282,$344.08 ,54942,WI,304,$103.08 ,$241 
12983,N8W0A7,ON,T5S0A4,AB,394,$343.72 ,54942,WI,304,$103.72 ,$240 
12641,N8W0A7,ON,T5S0A4,AB,361,$343.37 ,54942,WI,304,$103.37 ,$240 
13657,N8W0A7,ON,T2G2Y8,AB,154,$341.94 ,90630,CA,376,$102.94 ,$239 
13673,N8W0A7,ON,T6X0A7,AB,77,$341.67 ,54942,WI,304,$103.67 ,$238 
13577,N8W0A7,ON,T2G4B9,AB,404,$341.20 ,90630,CA,377,$103.20 ,$238 
13963,N8W0A7,ON,T5S0A4,AB,720,$341.16 ,54942,WI,304,$103.16 ,$238 
14000,N8W0A7,ON,T5M2N9,AB,424,$341.15 ,54942,WI,304,$103.15 ,$238 
13237,N8W0A7,ON,T5S0A4,AB,535,$340.59 ,54942,WI,304,$103.59 ,$237 
13390,N8W0A7,ON,T5S0A4,AB,282,$340.59 ,54942,WI,304,$103.59 ,$237 
13268,N8W0A7,ON,T5S0A4,AB,557,$339.76 ,54942,WI,304,$103.76 ,$236 
12881,N8W0A7,ON,T6X0V1,AB,237,$339.75 ,54942,WI,305,$103.75 ,$236 
11102,N8W0A7,ON,T4P3P7,AB,90,$338.03 ,54942,WI,308,$103.03 ,$235 
14332,53142,WI,21287,MD,1394,$333.40 ,N8W0A7,ON,237,$103.40 ,$230 
8593,N8W0A7,ON,T6H5G8,AB,187,$332.21 ,54942,WI,304,$103.21 ,$229 
13613,N8W0A7,ON,T5S0A4,AB,802,$331.05 ,54942,WI,304,$103.05 ,$228 
9018,N8W0A7,ON,T2H2H9,AB,222,$331.21 ,90630,CA,378,$103.21 ,$228 
13350,N8W0A7,ON,T3E6L1,AB,123,$330.68 ,90630,CA,380,$103.68 ,$227 
9300,N8W0A7,ON,R7A7H8,MB,48,$325.34 ,54942,WI,304,$103.34 ,$222 
10213,N8W0A7,ON,T2R0E7,AB,108,$311.30 ,90630,CA,377,$103.30 ,$208 
14387,53142,WI,21287,MD,1238,$302.29 ,N8W0A7,ON,237,$103.29 ,$199 
12423,N8W0A7,ON,T0M0S0,AB,123,$295.10 ,90630,CA,353,$103.10 ,$192 
10257,53142,WI,H4P1J3,PQ,367,$427.31 ,N8W0A7,ON,218,$239.31 ,$188 
10957,N8W0A7,ON,V2R4B7,BC,166,$287.23 ,90630,CA,847,$103.23 ,$184 
9897,N8W0A7,ON,V2R4L6,BC,75,$283.36 ,90630,CA,848,$103.36 ,$180 
12705,N8W0A7,ON,V2R4B7,BC,164,$282.56 ,90630,CA,847,$103.56 ,$179 
16077,53142,WI,98072,WA,1021,$442.67 ,90630,CA,710,$263.67 ,$179 
7959,N8W0A7,ON,V6Z2H3,BC,111,$277.69 ,90630,CA,875,$103.69 ,$174 
7765,N8W0A7,ON,V2Y2K2,BC,96,$276.71 ,90630,CA,866,$103.71 ,$173 
9211,N8W0A7,ON,V5A1X8,BC,125,$274.05 ,90630,CA,871,$103.05 ,$171 
7802,N8W0A7,ON,V5A1X8,BC,69,$272.98 ,90630,CA,871,$102.98 ,$170 
8920,N8W0A7,ON,V6G1C3,BC,147,$273.46 ,90630,CA,874,$103.46 ,$170 
11946,N8W0A7,ON,T6H5R7,AB,60,$273.33 ,54942,WI,305,$103.33 ,$170 
7894,N8W0A7,ON,V6V2K4,BC,112,$273.18 ,90630,CA,879,$103.18 ,$170 
10624,N8W0A7,ON,S0G5K0,SK,161,$273.50 ,54942,WI,307,$103.50 ,$170 
7665,N8W0A7,ON,V6A1E1,BC,66,$272.08 ,90630,CA,873,$103.08 ,$169 
8839,N8W0A7,ON,V5R5T5,BC,157,$272.48 ,90630,CA,875,$103.48 ,$169 
7987,N8W0A7,ON,V4G0A5,BC,107,$272.01 ,90630,CA,880,$103.01 ,$169 
9467,N8W0A7,ON,V6N4A6,BC,67,$271.98 ,90630,CA,878,$102.98 ,$169 
10524,N8W0A7,ON,V5K4R1,BC,67,$272.09 ,90630,CA,872,$103.09 ,$169 
9510,N8W0A7,ON,V3C6N9,BC,165,$271.97 ,90630,CA,865,$102.97 ,$169 
9255,N8W0A7,ON,V3K6Y7,BC,87,$271.85 ,90630,CA,869,$102.85 ,$169 
10817,N8W0A7,ON,V1M3C9,BC,59,$271.63 ,90630,CA,866,$103.63 ,$168 
16002,53142,WI,98072,WA,956,$431.81 ,90630,CA,710,$263.81 ,$168 
10730,N8W0A7,ON,V2X8G1,BC,71,$271.43 ,90630,CA,864,$103.43 ,$168 
9851,N8W0A7,ON,V3B7N2,BC,102,$270.70 ,90630,CA,863,$103.70 ,$167 
9485,N8W0A7,ON,V3W3B1,BC,105,$270.70 ,90630,CA,875,$103.70 ,$167 
13897,N8W0A7,ON,V2R4B7,BC,196,$269.44 ,90630,CA,847,$103.44 ,$166 
10369,N8W0A7,ON,V3R9K2,BC,84,$269.58 ,90630,CA,871,$103.58 ,$166 
8994,N8W0A7,ON,V6V1V2,BC,93,$267.82 ,90630,CA,879,$102.82 ,$165 
10029,N8W0A7,ON,V3C6N1,BC,115,$268.59 ,90630,CA,864,$103.59 ,$165 
9734,N8W0A7,ON,V5G4S1,BC,67,$268.11 ,90630,CA,873,$103.11 ,$165 
11316,N8W0A7,ON,V3C6N9,BC,140,$268.13 ,90630,CA,865,$103.13 ,$165 
9643,N8W0A7,ON,V5R5T5,BC,155,$268.10 ,90630,CA,875,$103.10 ,$165 
12532,N8W0A7,ON,V2X8G1,BC,83,$267.66 ,90630,CA,864,$103.66 ,$164 
12760,N8W0A7,ON,V2X8G1,BC,107,$267.66 ,90630,CA,864,$103.66 ,$164 
11986,N8W0A7,ON,V5X3Y7,BC,54,$267.60 ,90630,CA,878,$103.60 ,$164 
11794,N8W0A7,ON,V6W0A3,BC,73,$267.65 ,90630,CA,882,$103.65 ,$164 
12604,N8W0A7,ON,V5C6G9,BC,81,$267.68 ,90630,CA,872,$103.68 ,$164 
11643,N8W0A7,ON,V2X8G1,BC,84,$267.12 ,90630,CA,864,$103.12 ,$164 
12644,N8W0A7,ON,V4G1A4,BC,174,$267.63 ,90630,CA,880,$103.63 ,$164 
12346,N8W0A7,ON,V4G1B6,BC,120,$266.84 ,90630,CA,881,$102.84 ,$164 
11636,N8W0A7,ON,V3K6Y7,BC,90,$266.79 ,90630,CA,869,$103.79 ,$163 
10253,N8W0A7,ON,V6W1J3,BC,152,$265.87 ,90630,CA,878,$102.87 ,$163 
11279,N8W0A7,ON,V3K6Y7,BC,86,$266.77 ,90630,CA,869,$103.77 ,$163 
9907,N8W0A7,ON,V6A1E1,BC,72,$265.86 ,90630,CA,873,$102.86 ,$163 
12392,N8W0A7,ON,V5Z4E6,BC,139,$266.02 ,90630,CA,875,$103.02 ,$163 
12599,N8W0A7,ON,V6V3C7,BC,164,$264.87 ,90630,CA,877,$102.87 ,$162 
8915,N8W0A7,ON,P7E2C3,ON,92,$684.79 ,54942,WI,235,$522.79 ,$162 
13537,N8W0A7,ON,V3B7Y5,BC,130,$262.07 ,90630,CA,863,$103.07 ,$159 
13341,N8W0A7,ON,V6V3B3,BC,80,$262.06 ,90630,CA,877,$103.06 ,$159 
13447,N8W0A7,ON,V7A4E8,BC,88,$262.45 ,90630,CA,884,$103.45 ,$159 
13881,N8W0A7,ON,V5A2H5,BC,102,$262.46 ,90630,CA,870,$103.46 ,$159 
13187,N8W0A7,ON,V6A1E1,BC,105,$261.87 ,90630,CA,873,$102.87 ,$159 
13557,N8W0A7,ON,V4K3N3,BC,100,$261.40 ,90630,CA,882,$103.40 ,$158 
12904,N8W0A7,ON,V5G1H1,BC,140,$261.41 ,90630,CA,872,$103.41 ,$158 
13528,N8W0A7,ON,V5Y1N5,BC,89,$261.01 ,90630,CA,875,$103.01 ,$158 
13925,N8W0A7,ON,V3N4V1,BC,127,$261.65 ,90630,CA,869,$103.65 ,$158 
13404,N8W0A7,ON,V3M5K2,BC,70,$260.80 ,90630,CA,874,$102.80 ,$158 
15865,53142,WI,28273,NC,760,$260.29 ,N8W0A7,ON,132,$103.29 ,$157 
11510,N8W0A7,ON,V2S7T9,BC,72,$260.12 ,90630,CA,861,$103.12 ,$157 
13362,N8W0A7,ON,V3N0C4,BC,96,$260.54 ,90630,CA,870,$103.54 ,$157 
11098,N8W0A7,ON,V2S7T9,BC,68,$260.13 ,90630,CA,861,$103.13 ,$157 
11755,N8W0A7,ON,V2T3P5,BC,42,$258.26 ,90630,CA,863,$103.26 ,$155 
13750,N8W0A7,ON,V6V2G9,BC,167,$257.36 ,90630,CA,879,$103.36 ,$154 
13805,N8W0A7,ON,V3R9K2,BC,115,$257.68 ,90630,CA,871,$103.68 ,$154 
13926,N8W0A7,ON,V5G1K5,BC,174,$257.54 ,90630,CA,872,$103.54 ,$154 
13826,N8W0A7,ON,V6W1J3,BC,150,$255.25 ,90630,CA,878,$103.25 ,$152 
9351,N8W0A7,ON,P7C4V6,ON,166,$673.92 ,54942,WI,235,$522.92 ,$151 
13880,N8W0A7,ON,V5A1X8,BC,114,$254.70 ,90630,CA,871,$103.70 ,$151 
13348,N8W0A7,ON,R3H0L3,MB,145,$254.10 ,54942,WI,297,$103.10 ,$151 
15921,54942,WI,21205,MD,529,$246.70 ,N8W0A7,ON,312,$103.70 ,$143 
10744,N8W0A7,ON,S6V5T4,SK,81,$244.82 ,54942,WI,298,$102.82 ,$142 
7967,N8W0A7,ON,S4N5J3,SK,48,$243.76 ,54942,WI,308,$103.76 ,$140 
8702,N8W0A7,ON,S7K6M6,SK,94,$242.16 ,54942,WI,304,$103.16 ,$139 
10597,N8W0A7,ON,S7K2K9,SK,53,$242.63 ,54942,WI,304,$103.63 ,$139 
10854,N8W0A7,ON,S6V6K1,SK,61,$241.77 ,54942,WI,298,$103.77 ,$138 
10195,N8W0A7,ON,S4W0R7,SK,118,$239.85 ,54942,WI,308,$102.85 ,$137 
9791,N8W0A7,ON,S7K3V2,SK,124,$240.30 ,54942,WI,304,$103.30 ,$137 
11780,N8W0A7,ON,P7B6V4,ON,114,$663.85 ,54942,WI,235,$527.85 ,$136 
11496,N8W0A7,ON,S4P0J9,SK,82,$238.55 ,54942,WI,308,$103.55 ,$135 
10694,N8W0A7,ON,S4N5X8,SK,81,$238.76 ,54942,WI,308,$103.76 ,$135 
12702,N8W0A7,ON,P7B6V4,ON,260,$663.05 ,54942,WI,235,$528.05 ,$135 
11761,N8W0A7,ON,S6V3P4,SK,103,$238.51 ,54942,WI,298,$103.51 ,$135 
10051,N8W0A7,ON,S7K2K9,SK,114,$237.05 ,54942,WI,304,$103.05 ,$134 
7566,N8W0A7,ON,T6B2R8,AB,90,$237.10 ,54942,WI,305,$103.10 ,$134 
12927,N8W0A7,ON,S6V5T4,SK,106,$235.20 ,54942,WI,298,$103.20 ,$132 
13135,N8W0A7,ON,S7N1Y8,SK,59,$232.91 ,54942,WI,304,$102.91 ,$130 
10797,N8W0A7,ON,R2C3L9,MB,89,$225.67 ,54942,WI,296,$103.67 ,$122 
16060,54942,WI,11232,NY,361,$220.53 ,N8W0A7,ON,303,$103.53 ,$117 
9234,N8W0A7,ON,T1Y7J8,AB,164,$216.84 ,90630,CA,370,$102.84 ,$114 
8426,N8W0A7,ON,T2E8A2,AB,105,$217.47 ,90630,CA,371,$103.47 ,$114 
8755,N8W0A7,ON,R3P2H7,MB,112,$217.45 ,54942,WI,297,$103.45 ,$114 
8949,N8W0A7,ON,T2C4Y5,AB,219,$217.02 ,90630,CA,373,$103.02 ,$114 
7885,N8W0A7,ON,T2C4Y5,AB,216,$216.19 ,90630,CA,373,$103.19 ,$113 
8585,N8W0A7,ON,T2C4W3,AB,123,$216.09 ,90630,CA,375,$103.09 ,$113 
7850,N8W0A7,ON,R3H0E3,MB,81,$216.14 ,54942,WI,297,$103.14 ,$113 
10789,N8W0A7,ON,T2G3R4,AB,62,$215.48 ,90630,CA,374,$103.48 ,$112 
9303,N8W0A7,ON,R3J3Z2,MB,157,$215.73 ,54942,WI,297,$103.73 ,$112 
7951,N8W0A7,ON,R2R2V7,MB,80,$215.37 ,54942,WI,297,$103.37 ,$112 
9993,N8W0A7,ON,T2P2X6,AB,128,$213.34 ,90630,CA,376,$103.34 ,$110 
10193,N8W0A7,ON,T2E6M7,AB,86,$213.34 ,90630,CA,376,$103.34 ,$110 
14331,53142,WI,7054,NJ,1251,$213.24 ,N8W0A7,ON,249,$103.24 ,$110 
12161,N8W0A7,ON,R2G1B9,MB,96,$213.08 ,54942,WI,297,$103.08 ,$110 
15842,54942,WI,8801,NJ,430,$213.58 ,N8W0A7,ON,305,$103.58 ,$110 
10259,N8W0A7,ON,R3M3S3,MB,103,$213.30 ,54942,WI,297,$103.30 ,$110 
10383,N8W0A7,ON,T2P0K3,AB,96,$213.59 ,90630,CA,376,$103.59 ,$110 
9738,N8W0A7,ON,T4A2J8,AB,102,$212.95 ,90630,CA,358,$102.95 ,$110 
12069,N8W0A7,ON,T2G2Y8,AB,106,$211.91 ,90630,CA,376,$102.91 ,$109 
12315,N8W0A7,ON,R3H0L3,MB,62,$212.48 ,54942,WI,297,$103.48 ,$109 
12452,N8W0A7,ON,T2G1S5,AB,158,$212.37 ,90630,CA,373,$103.37 ,$109 
10286,N8W0A7,ON,T2R1R9,AB,52,$212.07 ,90630,CA,376,$103.07 ,$109 
11649,N8W0A7,ON,R3E3L2,MB,128,$211.88 ,54942,WI,297,$102.88 ,$109 
10019,N8W0A7,ON,R3H1C5,MB,118,$212.68 ,54942,WI,297,$103.68 ,$109 
11373,N8W0A7,ON,R3H0V1,MB,135,$211.90 ,54942,WI,297,$102.90 ,$109 
9427,N8W0A7,ON,R3H0L3,MB,196,$212.30 ,54942,WI,297,$103.30 ,$109 
9451,N8W0A7,ON,R3H0C5,MB,126,$211.92 ,54942,WI,297,$102.92 ,$109 
9679,N8W0A7,ON,R3T4E1,MB,76,$212.41 ,54942,WI,297,$103.41 ,$109 
10511,N8W0A7,ON,R3H0L3,MB,190,$212.48 ,54942,WI,297,$103.48 ,$109 
12503,N8W0A7,ON,R3H0L3,MB,189,$212.34 ,54942,WI,297,$103.34 ,$109 
11402,N8W0A7,ON,T2E6Z8,AB,68,$210.90 ,90630,CA,368,$102.90 ,$108 
15827,54942,WI,10917,NY,426,$210.92 ,N8W0A7,ON,297,$102.92 ,$108 
12434,N8W0A7,ON,R3J3Z2,MB,114,$209.16 ,54942,WI,297,$103.16 ,$106 
7560,N8W0A7,ON,T5H3P7,AB,86,$209.29 ,54942,WI,304,$103.29 ,$106 
9459,N8W0A7,ON,T5M2V7,AB,63,$208.55 ,54942,WI,304,$103.55 ,$105 
10976,N8W0A7,ON,T7X6E2,AB,208,$208.18 ,54942,WI,305,$103.18 ,$105 
9972,N8W0A7,ON,T9E7M6,AB,86,$207.10 ,54942,WI,305,$103.10 ,$104 
13466,N8W0A7,ON,T4A0E3,AB,95,$206.90 ,90630,CA,362,$102.90 ,$104 
13688,N8W0A7,ON,T2E8A2,AB,96,$207.10 ,90630,CA,371,$103.10 ,$104 
13203,N8W0A7,ON,T2E6M7,AB,173,$207.54 ,90630,CA,376,$103.54 ,$104 
13568,N8W0A7,ON,R3H0L3,MB,154,$206.28 ,54942,WI,297,$103.28 ,$103 
10060,N8W0A7,ON,T9E0V6,AB,118,$205.93 ,54942,WI,305,$102.93 ,$103 
9619,N8W0A7,ON,T6S1A5,AB,168,$205.57 ,54942,WI,304,$103.57 ,$102 
12911,N8W0A7,ON,T7X6J4,AB,96,$205.23 ,54942,WI,304,$103.23 ,$102 
13932,N8W0A7,ON,R3H0L3,MB,68,$204.04 ,54942,WI,297,$103.04 ,$101 
11415,N8W0A7,ON,T5V1M7,AB,67,$203.86 ,54942,WI,304,$102.86 ,$101 
13637,N8W0A7,ON,R3H0L3,MB,55,$204.05 ,54942,WI,297,$103.05 ,$101 
13999,N8W0A7,ON,R3H0L3,MB,140,$201.95 ,54942,WI,297,$102.95 ,$99 
13876,N8W0A7,ON,T2C5B3,AB,71,$202.15 ,90630,CA,376,$103.15 ,$99 
13598,N8W0A7,ON,R2G1B9,MB,84,$201.67 ,54942,WI,297,$103.67 ,$98 
13140,N8W0A7,ON,T7X6E2,AB,65,$199.96 ,54942,WI,305,$102.96 ,$97 
13000,N8W0A7,ON,T5V1T4,AB,180,$199.96 ,54942,WI,304,$102.96 ,$97 
11562,N8W0A7,ON,V3M6K8,BC,54,$191.25 ,90630,CA,877,$103.25 ,$88 
15988,53142,WI,28273,NC,356,$172.25 ,N8W0A7,ON,132,$103.25 ,$69 
296744,53142,WI,R3G2W4,MB,0,$172.15 ,54942,WI,111,$109.15 ,$63 
1549,54942,WI,41048,KY,3872,$945.82 ,N8W0A7,ON,172,$884.82 ,$61 
386282,90630,CA,1949,MA,7,$44.71 ,N8W0A7,ON,1982,$8.71 ,$36 
7776,N8W0A7,ON,P8T1B4,ON,140,$826.10 ,54942,WI,256,$791.10 ,$35 
15924,53142,WI,98052,WA,490,$295.11 ,90630,CA,716,$262.11 ,$33 
258628,90630,CA,76177,TX,22,$68.46 ,53142,WI,345,$39.46 ,$29 
254220,90630,CA,76177,TX,22,$68.46 ,53142,WI,345,$39.46 ,$29 
465,54942,WI,41048,KY,6864,$913.81 ,N8W0A7,ON,172,$884.81 ,$29 
199678,54942,WI,33315,FL,1,$36.00 ,N8W0A7,ON,212,$9.00 ,$27 
29506,90630,CA,30341,GA,1,$35.17 ,N8W0A7,ON,1348,$8.17 ,$27 
187961,90630,CA,J3X2B1,QC,1.3,$33.23 ,N8W0A7,ON,1945,$8.23 ,$25 
306730,54942,WI,20743,MD,27,$33.39 ,N8W0A7,ON,311,$8.39 ,$25 
294445,54942,WI,20743,MD,27,$33.38 ,N8W0A7,ON,311,$8.38 ,$25 
285385,54942,WI,20743,MD,27,$33.39 ,N8W0A7,ON,311,$8.39 ,$25 
277424,54942,WI,20743,MD,27,$33.39 ,N8W0A7,ON,311,$8.39 ,$25 
298553,54942,WI,20743,MD,27,$33.39 ,N8W0A7,ON,311,$8.39 ,$25 
387336,54942,WI,60174,IL,36,$81.77 ,53142,WI,112,$63.77 ,$18 
357590,90630,CA,25550,WV,9.4,$24.93 ,N8W0A7,ON,1778,$8.93 ,$16 
359947,53142,WI,21224,MD,18.9,$18.80 ,N8W0A7,ON,237,$8.80 ,$10 
128883,90630,CA,30265,FL,3,$17.25 ,N8W0A7,ON,1287,$8.25 ,$9 
200610,90630,CA,32934,FL,3,$16.37 ,N8W0A7,ON,1257,$8.37 ,$8 
383722,53142,WI,28607,NC,11.4,$16.83 ,N8W0A7,ON,125,$8.83 ,$8 
60727,90630,CA,10019,DE,0.55,$16.07 ,N8W0A7,ON,1968,$9.07 ,$7 
318459,53142,WI,1969,MA,7,$15.93 ,N8W0A7,ON,244,$8.93 ,$7 
382674,54942,WI,33823,FL,29.5,$15.81 ,N8W0A7,ON,197,$8.81 ,$7 
371879,90630,CA,25550,WV,0.45,$15.42 ,N8W0A7,ON,1778,$8.42 ,$7 
394877,54942,WI,33823,FL,29.5,$15.81 ,N8W0A7,ON,197,$8.81 ,$7 
411263,54942,WI,33823,FL,29.7,$15.81 ,N8W0A7,ON,197,$8.81 ,$7 
39871,90630,CA,24060,CA,7.1,$16.10 ,N8W0A7,ON,1745,$9.10 ,$7 
102390,54942,WI,29607,AZ,18,$14.28 ,N8W0A7,ON,215,$8.28 ,$6 
209634,90630,CA,21250,MD,10.4,$14.55 ,N8W0A7,ON,1922,$8.55 ,$6 
57266,90630,CA,62526,KY,19.05,$17.12 ,53142,WI,1461,$11.12 ,$6 
112408,54942,WI,46738,AZ,18,$14.28 ,N8W0A7,ON,139,$8.28 ,$6 
24787,53142,WI,21401,MD,3,$14.22 ,N8W0A7,ON,234,$8.22 ,$6 
362583,54942,WI,47130,IN,10.8,$13.75 ,N8W0A7,ON,128,$8.75 ,$5 
358724,54942,WI,47130,IN,10.9,$13.75 ,N8W0A7,ON,128,$8.75 ,$5 
359424,53142,WI,18017,PA,2,$13.22 ,N8W0A7,ON,248,$8.22 ,$5 
357572,54942,WI,47130,IN,10.6,$13.75 ,N8W0A7,ON,128,$8.75 ,$5 
360893,54942,WI,47130,IN,10.6,$13.75 ,N8W0A7,ON,128,$8.75 ,$5 
395394,53142,WI,6810,CT,13.2,$12.17 ,N8W0A7,ON,249,$8.17 ,$4 
126472,54942,WI,27703,MA,25.4,$11.39 ,N8W0A7,ON,279,$8.39 ,$3 
82124,53142,WI,48082,MO,1,$11.36 ,N8W0A7,ON,237,$8.36 ,$3 
271095,54942,WI,4862,ME,6.5,$11.89 ,N8W0A7,ON,249,$8.89 ,$3 
95375,90630,CA,48187,AZ,1.2,$10.70 ,N8W0A7,ON,1932,$8.70 ,$2 
169527,54942,WI,17033,TX,11.7,$10.22 ,N8W0A7,ON,310,$8.22 ,$2 
81109,90630,CA,54401,KY,19.05,$17.10 ,54942,WI,1619,$15.10 ,$2 
146970,54942,WI,3824,PA,24.1,$10.94 ,N8W0A7,ON,267,$8.94 ,$2 
239374,90630,CA,28273,NC,0.5,$9.56 ,N8W0A7,ON,1610,$8.56 ,$1 
292544,54942,WI,37684,TN,13.4,$9.15 ,N8W0A7,ON,226,$8.15 ,$1 
320843,53142,WI,19975,DE,1.4,$10.01 ,N8W0A7,ON,235,$9.01 ,$1 
298655,54942,WI,37684,TN,13.1,$9.15 ,N8W0A7,ON,226,$8.15 ,$1 
301667,90630,CA,32259,FL,0.1,$9.56 ,N8W0A7,ON,1300,$8.56 ,$1 
302289,54942,WI,37684,TN,13.1,$9.15 ,N8W0A7,ON,226,$8.15 ,$1 
304460,54942,WI,37684,TN,13.1,$9.15 ,N8W0A7,ON,226,$8.15 ,$1 
304787,54942,WI,37684,TN,13.1,$9.15 ,N8W0A7,ON,226,$8.15 ,$1 
188324,53142,WI,3038,NH,1.9,$9.13 ,N8W0A7,ON,244,$8.13 ,$1 
39246,54942,WI,29201,OK,4.8,$9.18 ,N8W0A7,ON,234,$8.18 ,$1 
41063,90630,CA,33169,AR,0.8,$9.59 ,N8W0A7,ON,1176,$8.59 ,$1 
71426,53142,WI,12784,DC,14.9,$9.15 ,N8W0A7,ON,249,$8.15 ,$1 
27556,90630,CA,33621,FL,2.5,$9.60 ,N8W0A7,ON,1151,$8.60 ,$1 
88585,53142,WI,28078,GA,7.3,$9.16 ,N8W0A7,ON,134,$8.16 ,$1 
118691,53142,WI,23452,UT,5.6,$9.94 ,N8W0A7,ON,214,$8.94 ,$1 
149265,90630,CA,10012,SD,1.6,$10.06 ,N8W0A7,ON,1968,$9.06 ,$1 
275888,90630,CA,32259,FL,2.4,$9.54 ,N8W0A7,ON,1300,$8.54 ,$1 
181856,53142,WI,17754,PA,1.5,$9.12 ,N8W0A7,ON,249,$8.12 ,$1 
193339,53142,WI,17754,PA,4.6,$9.12 ,N8W0A7,ON,249,$8.12 ,$1 
242965,53142,WI,27260,NC,2.2,$9.16 ,N8W0A7,ON,156,$8.16 ,$1 
101846,53142,WI,8876,GA,12.5,$9.16 ,N8W0A7,ON,248,$8.16 ,$1 
178641,53142,WI,19486,PA,1,$9.13 ,N8W0A7,ON,247,$8.13 ,$1 
178780,54942,WI,18901,PA,1.9,$9.13 ,N8W0A7,ON,307,$8.13 ,$1 
180632,53142,WI,21401,MD,11.6,$9.53 ,N8W0A7,ON,234,$8.53 ,$1 
436440,54942,WI,47001,IN,14.3,$9.62 ,N8W0A7,ON,163,$8.62 ,$1 
264564,54942,WI,6410,CT,10.7,$9.15 ,N8W0A7,ON,292,$8.15 ,$1 
313445,53142,WI,27260,NC,5.8,$8.13 ,N8W0A7,ON,156,$8.13 ,$0 
399371,53142,WI,6029,CT,4.4,$8.45 ,N8W0A7,ON,248,$8.45 ,$0 
143759,90630,CA,L5M1L7,MO,0.3,$8.47 ,N8W0A7,ON,1967,$8.47 ,$0 
117712,53142,WI,85338,KY,8.6,$9.16 ,90630,CA,1147,$9.16 ,$0 
91905,90630,CA,12192,NC,1.1,$8.47 ,N8W0A7,ON,1982,$8.47 ,$0 
114802,90630,CA,34232,TN,5.1,$8.49 ,N8W0A7,ON,1120,$8.49 ,$0 
